Time,SO2,H2S,H2,CO2serial,Ext,Rh,Tair,Pressure,Lat,Long,VBatt,CO2cor,H2Scor,H2cor,,,
10/24/2019 17:57,1.048172,0.1896877,11.8382,475.5494,4.538871,48.93878,26.74879,779.9,13.84642,-89.62774,12.90359,15.3294,0.0374877,4.7205,,,
10/24/2019 17:57,1.052994,0.1685562,11.17264,478.6171,5.420239,48.90758,26.74956,780,13.84642,-89.62774,12.90359,18.3971,0.0163562,4.05494,,,
10/24/2019 17:57,1.061874,0.1557093,10.78683,472.4818,6.321002,48.872,26.75006,780,13.84642,-89.62774,12.90359,12.2618,0.0035093,3.66913,,,
10/24/2019 17:57,1.058155,0.2351036,11.54834,474.6292,7.268949,48.838,26.75064,780.1,13.84642,-89.62774,12.90359,14.4092,0.0829036,4.43064,,,
10/24/2019 17:57,1.055756,0.2415438,11.95712,475.8562,8.214307,48.80656,26.75115,780.1,13.84642,-89.62774,12.90359,15.6362,0.0893438,4.83942,,,
10/24/2019 17:57,1.052963,0.2453566,11.96779,470.6412,9.115059,48.8037,26.75166,780.1,13.84642,-89.62774,12.90359,10.4212,0.0931566,4.85009,,,
10/24/2019 17:57,1.050484,0.2567396,11.89017,467.2667,9.987501,48.80322,26.75233,780.1,13.84642,-89.62774,12.78664,7.0467,0.1045396,4.77247,,,
10/24/2019 17:57,1.049824,0.2446184,11.73729,466.6532,10.82537,48.82327,26.75288,780.1,13.84642,-89.62774,12.78664,6.4332,0.0924184,4.61959,,,
10/24/2019 17:57,1.053555,0.2474585,11.56701,467.2667,11.57221,48.86247,26.75414,780.1,13.84642,-89.62774,12.78664,7.0467,0.0952585,4.44931,,,
10/24/2019 17:57,1.04895,0.2560616,11.39238,464.8125,12.31384,48.92193,26.75449,780,13.84642,-89.62774,12.78664,4.5925,0.1038616,4.27468,,,
10/24/2019 17:57,1.045403,0.2365026,11.16575,465.1193,12.90437,49.00568,26.75553,780.1,13.84641,-89.62775,12.78664,4.8993,0.0843026,4.04805,,,
10/24/2019 17:57,1.0439,0.2529345,11.20173,469.1073,13.54992,49.12762,26.75628,780,13.84641,-89.62775,12.78664,8.8873,0.1007345,4.08403,,,
10/24/2019 17:57,1.044727,0.2510967,11.27436,470.0276,14.12271,49.26642,26.7559,779.9,13.84641,-89.62775,12.78664,9.8076,0.0988967,4.15666,,,
10/24/2019 17:57,1.039635,0.2400303,11.0332,475.5494,14.62203,49.42114,26.7571,779.9,13.84641,-89.62775,12.78664,15.3294,0.0878303,3.9155,,,
10/24/2019 17:57,1.03682,0.2467842,10.92487,475.8562,15.10274,49.60798,26.75834,779.9,13.84641,-89.62775,12.90359,15.6362,0.0945842,3.80717,,,
10/24/2019 17:57,1.032795,0.2308807,10.49731,474.0156,15.47444,49.77448,26.75967,779.9,13.84641,-89.62775,12.90359,13.7956,0.0786807,3.37961,,,
10/24/2019 17:57,1.036839,0.2506819,10.4603,471.8682,15.76844,49.93379,26.75969,779.9,13.84641,-89.62775,12.90359,11.6482,0.0984819,3.3426,,,
10/24/2019 17:57,1.027401,0.2393351,10.22506,471.8682,16.092,50.0688,26.7606,780,13.84641,-89.62775,12.90359,11.6482,0.0871351,3.10736,,"CO2,atm",460.22
10/24/2019 17:57,1.023777,0.2552013,10.13983,474.0156,16.38432,50.174,26.76226,779.9,13.84641,-89.62775,12.90359,13.7956,0.1030013,3.02213,,"H2S,atm",0.1522
10/24/2019 17:57,1.022537,0.2453604,10.01528,476.7766,16.6139,50.26628,26.76295,779.9,13.84641,-89.62775,12.90359,16.5566,0.0931604,2.89758,,"H2,atm",7.1177
10/24/2019 17:57,1.015392,0.2371159,10.04287,473.4021,16.78716,50.3224,26.76315,779.9,13.84641,-89.62775,12.90359,13.1821,0.0849159,2.92517,,,
10/24/2019 17:57,1.021023,0.245719,10.12963,471.5615,17.04822,50.37414,26.76524,780,13.84641,-89.62775,12.90359,11.3415,0.093519,3.01193,,,
10/24/2019 17:57,1.014191,0.2289038,9.937523,468.4938,17.07938,50.41712,26.76558,780,13.84641,-89.62775,12.78664,8.2738,0.0767038,2.819823,,,
10/24/2019 17:57,1.016911,0.2278671,9.897598,467.8802,17.23082,50.46419,26.7667,780,13.84641,-89.62775,12.78664,7.6602,0.0756671,2.779898,,,
10/24/2019 17:57,1.013752,0.2340097,9.978298,466.6532,17.38716,50.51196,26.76753,780,13.84641,-89.62775,12.78664,6.4332,0.0818097,2.860598,,,
10/24/2019 17:57,1.018749,0.2276669,9.894421,473.0953,17.56406,50.57833,26.76746,780,13.84641,-89.62775,12.78664,12.8753,0.0754669,2.776721,,,
10/24/2019 17:57,1.028706,0.2368612,9.91935,473.0953,17.67694,50.65749,26.76836,780,13.84641,-89.62775,12.78664,12.8753,0.0846612,2.80165,,,
10/24/2019 17:57,1.040821,0.2431536,10.0032,472.4818,17.68477,50.76733,26.76945,780,13.84641,-89.62775,12.78664,12.2618,0.0909536,2.8855,,,
10/24/2019 17:57,1.060379,0.2372503,10.07035,474.9359,17.71264,50.89035,26.77079,780,13.84641,-89.62775,12.78664,14.7159,0.0850503,2.95265,,,
10/24/2019 17:57,1.089245,0.2370424,9.844666,474.9359,17.91138,51.02705,26.77085,780,13.84642,-89.62775,12.78664,14.7159,0.0848424,2.726966,,,
10/24/2019 17:57,1.122822,0.2412663,9.509938,471.5615,18.02676,51.15058,26.7722,780,13.84642,-89.62775,12.90359,11.3415,0.0890663,2.392238,,,
10/24/2019 17:57,1.153645,0.2500381,9.343227,474.0156,18.13982,51.28294,26.77381,780,13.84642,-89.62775,12.90359,13.7956,0.0978381,2.225527,,,
10/24/2019 17:57,1.18433,0.2558565,9.170219,474.6292,18.17164,51.38902,26.77522,780,13.84642,-89.62775,12.90359,14.4092,0.1036565,2.052519,,,
10/24/2019 17:57,1.209438,0.2495604,9.015011,475.2427,18.23517,51.48271,26.7746,780,13.84642,-89.62775,12.90359,15.0227,0.0973604,1.897311,,,
10/24/2019 17:57,1.241299,0.2485285,8.96933,474.9359,18.26347,51.53841,26.77601,780,13.84642,-89.62775,12.90359,14.7159,0.0963285,1.85163,,,
10/24/2019 17:57,1.272205,0.2556448,9.386586,475.8562,18.28345,51.57291,26.77724,780,13.84642,-89.62775,12.90359,15.6362,0.1034448,2.268886,,,
10/24/2019 17:57,1.290829,0.2644548,9.246303,471.8682,18.30259,51.61478,26.77557,780,13.84641,-89.62775,12.90359,11.6482,0.1122548,2.128603,,,
10/24/2019 17:57,1.304638,0.2635202,9.290367,472.7885,18.32245,51.64311,26.77799,780,13.84641,-89.62775,12.90359,12.5685,0.1113202,2.172667,,,
10/24/2019 17:57,1.320442,0.2675562,9.067367,474.6292,18.37225,51.71361,26.77841,780,13.84641,-89.62775,12.78664,14.4092,0.1153562,1.949667,,,
10/24/2019 17:57,1.346802,0.2648392,9.040753,471.2547,18.44466,51.77747,26.78059,780,13.84641,-89.62775,12.78664,11.0347,0.1126392,1.923053,,,
10/24/2019 17:57,1.372101,0.264493,9.167846,472.175,18.39349,51.86322,26.77753,780,13.84641,-89.62775,12.78664,11.955,0.112293,2.050146,,,
10/24/2019 17:57,1.403065,0.2686348,9.141045,470.3344,18.38549,51.93233,26.78148,780,13.84641,-89.62775,12.78664,10.1144,0.1164348,2.023345,,,
10/24/2019 17:57,1.439972,0.2812653,8.962124,471.2547,18.44175,51.9979,26.78198,780,13.84641,-89.62775,12.78664,11.0347,0.1290653,1.844424,,,
10/24/2019 17:57,1.470089,0.2762613,8.680294,469.7208,18.44499,52.03479,26.78365,780,13.84641,-89.62775,12.78664,9.5008,0.1240613,1.562594,,,
10/24/2019 17:58,1.510849,0.2856388,8.631767,467.8802,18.58232,52.05754,26.78419,780,13.84641,-89.62775,12.78664,7.6602,0.1334388,1.514067,,,
10/24/2019 17:58,1.555637,0.2960644,8.693786,472.4818,18.34564,52.05022,26.78477,780,13.84641,-89.62776,12.78664,12.2618,0.1438644,1.576086,,,
10/24/2019 17:58,1.597565,0.3014669,8.92043,470.3344,18.74085,52.01032,26.7855,780,13.84641,-89.62776,12.82563,10.1144,0.1492669,1.80273,,,
10/24/2019 17:58,1.639122,0.3056965,9.06583,472.4818,18.86124,51.95606,26.78589,780,13.84641,-89.62776,12.82563,12.2618,0.1534965,1.94813,,,
10/24/2019 17:58,1.677433,0.3154058,9.430729,475.2427,19.09109,51.90776,26.78699,780,13.84641,-89.62776,12.82563,15.0227,0.1632058,2.313029,,,
10/24/2019 17:58,1.703239,0.315834,9.619278,473.4021,19.19427,51.86523,26.78725,780,13.84641,-89.62776,12.82563,13.1821,0.163634,2.501578,,,
10/24/2019 17:58,1.731808,0.3178377,9.45795,474.0156,19.17493,51.85499,26.7883,780,13.84641,-89.62776,12.82563,13.7956,0.1656377,2.34025,,,
10/24/2019 17:58,1.744312,0.3233576,9.77182,476.4698,19.12563,51.85744,26.78961,780,13.84641,-89.62776,12.82563,16.2498,0.1711576,2.65412,,,
10/24/2019 17:58,1.761055,0.3338423,9.751866,475.8562,19.18539,51.87927,26.78986,780,13.84641,-89.62776,12.82563,15.6362,0.1816423,2.634166,,,
10/24/2019 17:58,1.757084,0.3473082,9.673443,474.0156,19.19063,51.92616,26.7904,780,13.84641,-89.62776,12.82563,13.7956,0.1951082,2.555743,,,
10/24/2019 17:58,1.765133,0.3471727,9.397621,474.0156,19.1401,51.98388,26.79089,780,13.84641,-89.62776,12.89385,13.7956,0.1949727,2.279921,,,
10/24/2019 17:58,1.761517,0.35534,9.435463,473.0953,19.05545,52.06286,26.7925,780,13.84641,-89.62776,12.89385,12.8753,0.20314,2.317763,,,
10/24/2019 17:58,1.750626,0.3382902,9.530022,475.5494,19.16287,52.16168,26.79293,780,13.84641,-89.62776,12.89385,15.3294,0.1860902,2.412322,,,
10/24/2019 17:58,1.747017,0.3568125,9.44574,478.3104,19.16267,52.26692,26.79387,780,13.84641,-89.62776,12.89385,18.0904,0.2046125,2.32804,,,
10/24/2019 17:58,1.73756,0.343852,9.590226,473.0953,19.10093,52.39323,26.79457,780,13.84641,-89.62776,12.89385,12.8753,0.191652,2.472526,,,
10/24/2019 17:58,1.735325,0.3430338,9.613228,470.6412,19.06225,52.54678,26.79588,780,13.84641,-89.62776,12.89385,10.4212,0.1908338,2.495528,,,
10/24/2019 17:58,1.72905,0.3402071,9.571465,469.4141,18.98972,52.71591,26.79644,780.1,13.84641,-89.62776,12.89385,9.1941,0.1880071,2.453765,,,
10/24/2019 17:58,1.713413,0.3555298,9.494709,466.0396,19.00816,52.8858,26.79778,780.1,13.84641,-89.62776,12.89385,5.8196,0.2033298,2.377009,,,
10/24/2019 17:58,1.708881,0.3778124,9.643753,466.6532,18.96759,53.06892,26.7984,780,13.84641,-89.62776,12.78664,6.4332,0.2256124,2.526053,,,
10/24/2019 17:58,1.688099,0.3836212,9.739216,464.5057,19.01714,53.26176,26.79905,780.1,13.84641,-89.62776,12.78664,4.2857,0.2314212,2.621516,,,
10/24/2019 17:58,1.663029,0.3825188,9.555767,467.8802,19.04205,53.47198,26.79997,780.1,13.84641,-89.62776,12.78664,7.6602,0.2303188,2.438067,,,
10/24/2019 17:58,1.636387,0.3873701,9.303062,466.9599,18.9526,53.67427,26.80054,780.1,13.84641,-89.62776,12.78664,6.7399,0.2351701,2.185362,,,
10/24/2019 17:58,1.610836,0.3837795,9.21323,467.8802,18.87523,53.89904,26.80172,780.1,13.84641,-89.62776,12.78664,7.6602,0.2315795,2.09553,,,
10/24/2019 17:58,1.576057,0.3818283,9.092468,468.187,18.81934,54.10499,26.80254,780,13.84641,-89.62776,12.78664,7.967,0.2296283,1.974768,,,
10/24/2019 17:58,1.543083,0.3680124,9.314655,469.1073,18.85494,54.31962,26.8036,779.9,13.84641,-89.62776,12.78664,8.8873,0.2158124,2.196955,,,
10/24/2019 17:58,1.519608,0.3654508,9.650902,471.2547,18.74048,54.55858,26.80511,779.9,13.84641,-89.62776,12.78664,11.0347,0.2132508,2.533202,,,
10/24/2019 17:58,1.487728,0.3758402,9.893474,470.3344,18.72959,54.78582,26.80499,779.9,13.84642,-89.62777,12.82563,10.1144,0.2236402,2.775774,,,
10/24/2019 17:58,1.461391,0.3971653,10.1577,469.1073,18.64853,55.01568,26.8064,779.9,13.84642,-89.62777,12.82563,8.8873,0.2449653,3.04,,,
10/24/2019 17:58,1.431236,0.4000836,10.31423,466.6532,18.73468,55.23615,26.80771,779.9,13.84642,-89.62777,12.82563,6.4332,0.2478836,3.19653,,,
10/24/2019 17:58,1.398365,0.4079447,10.42169,465.426,18.70207,55.44914,26.80855,779.9,13.84642,-89.62777,12.82563,5.206,0.2557447,3.30399,,,
10/24/2019 17:58,1.370667,0.4146948,10.67976,464.199,18.68095,55.63383,26.80875,779.9,13.84642,-89.62777,12.82563,3.979,0.2624948,3.56206,,,
10/24/2019 17:58,1.33773,0.4129286,10.53317,462.6651,18.73596,55.7571,26.80999,779.9,13.84642,-89.62777,12.82563,2.4451,0.2607286,3.41547,,,
10/24/2019 17:58,1.310478,0.408495,10.29976,466.3464,18.59027,55.80991,26.81094,779.9,13.84642,-89.62777,12.82563,6.1264,0.256295,3.18206,,,
10/24/2019 17:58,1.282459,0.3996849,10.13453,463.2787,18.6043,55.7664,26.81218,779.9,13.84642,-89.62777,12.82563,3.0587,0.2474849,3.01683,,,
10/24/2019 17:58,1.257706,0.3885326,10.14082,460.5178,18.68003,55.64896,26.81216,779.9,13.84642,-89.62777,12.66502,0.2978,0.2363326,3.02312,,,
10/24/2019 17:58,1.231278,0.3900967,9.931645,460.5178,18.66496,55.48108,26.8127,780,13.84642,-89.62777,12.66502,0.2978,0.2378967,2.813945,,,
10/24/2019 17:58,1.214668,0.37465,9.687275,459.5974,18.57792,55.27489,26.81382,780,13.84642,-89.62777,12.66502,-0.6226,0.22245,2.569575,,,
10/24/2019 17:58,1.19923,0.363698,9.530602,459.2907,18.61682,55.06417,26.81429,779.9,13.84642,-89.62777,12.66502,-0.9293,0.211498,2.412902,,,
10/24/2019 17:58,1.185928,0.3574419,9.46503,463.8922,18.61012,54.88709,26.81496,779.9,13.84642,-89.62777,12.66502,3.6722,0.2052419,2.34733,,,
10/24/2019 17:58,1.188526,0.3443356,9.477608,459.9042,18.66694,54.76701,26.81512,780,13.84642,-89.62777,12.66502,-0.3158,0.1921356,2.359908,,,
10/24/2019 17:58,1.203053,0.3445044,9.347919,464.8125,18.63911,54.703,26.81658,780,13.84642,-89.62777,12.66502,4.5925,0.1923044,2.230219,,,
10/24/2019 17:58,1.227531,0.3246546,9.221939,465.7328,18.69473,54.69179,26.81789,780,13.84642,-89.62777,12.66502,5.5128,0.1724546,2.104239,,,
10/24/2019 17:58,1.254635,0.3313065,9.066051,469.4141,18.68397,54.71717,26.81802,779.9,13.84642,-89.62777,12.81116,9.1941,0.1791065,1.948351,,,
10/24/2019 17:58,1.283245,0.3251438,8.764091,474.9359,18.63773,54.78216,26.81897,780,13.84642,-89.62777,12.81116,14.7159,0.1729438,1.646391,,,
10/24/2019 17:58,1.316773,0.3270159,8.576474,475.5494,18.66742,54.86164,26.81973,780,13.84642,-89.62777,12.81116,15.3294,0.1748159,1.458774,,,
10/24/2019 17:58,1.348103,0.3434992,8.385834,476.4698,18.66403,54.97063,26.8206,780,13.84642,-89.62777,12.81116,16.2498,0.1912992,1.268134,,,
10/24/2019 17:58,1.38348,0.3370943,8.223751,475.8562,18.73093,55.0971,26.82118,780,13.84642,-89.62777,12.81116,15.6362,0.1848943,1.106051,,,
10/24/2019 17:58,1.415695,0.3328428,7.888081,474.9359,18.74841,55.21437,26.82223,779.9,13.84642,-89.62777,12.81116,14.7159,0.1806428,0.770381,,,
10/24/2019 17:58,1.45438,0.3307533,7.824093,471.8682,18.75395,55.35764,26.82295,779.8,13.84642,-89.62777,12.81116,11.6482,0.1785533,0.706393,,,
10/24/2019 17:58,1.493713,0.3451386,8.066838,474.9359,18.76349,55.52348,26.82382,779.8,13.84641,-89.62778,12.81116,14.7159,0.1929386,0.949138,,,
10/24/2019 17:58,1.533798,0.3387451,8.207519,475.8562,18.84712,55.69259,26.82477,779.8,13.84641,-89.62778,12.58708,15.6362,0.1865451,1.089819,,,
10/24/2019 17:58,1.585968,0.341423,8.153598,478.3104,18.86605,55.86184,26.82579,779.8,13.84641,-89.62778,12.58708,18.0904,0.189223,1.035898,,,
10/24/2019 17:58,1.61583,0.3682737,8.145946,474.6292,18.7592,56.01308,26.82637,779.8,13.84641,-89.62778,12.58708,14.4092,0.2160737,1.028246,,,
10/24/2019 17:58,1.630383,0.3748341,8.16143,474.6292,18.76797,56.13041,26.82743,779.8,13.84641,-89.62779,12.58708,14.4092,0.2226341,1.04373,,,
10/24/2019 17:58,1.627377,0.3771105,8.3176,474.6292,18.73267,56.19842,26.82887,779.8,13.84641,-89.62779,12.58708,14.4092,0.2249105,1.1999,,,
10/24/2019 17:58,1.604054,0.3877573,8.362133,471.8682,18.67961,56.21422,26.82829,779.8,13.84642,-89.62779,12.58708,11.6482,0.2355573,1.244433,,,
10/24/2019 17:58,1.590351,0.4004278,8.068508,472.175,18.67609,56.16591,26.82956,779.8,13.84642,-89.62779,12.58708,11.955,0.2482278,0.950808,,,
10/24/2019 17:58,1.560257,0.4025602,8.052693,470.0276,18.72125,56.06722,26.83005,779.8,13.84642,-89.62779,12.58708,9.8076,0.2503602,0.934993,,,
10/24/2019 17:58,1.536598,0.3970976,7.911171,477.3901,18.76018,55.9315,26.83021,779.8,13.84642,-89.62779,12.74296,17.1701,0.2448976,0.793471,,,
10/24/2019 17:58,1.517613,0.3807201,7.947468,478.3104,18.73802,55.75443,26.83058,779.9,13.84642,-89.62779,12.74296,18.0904,0.2285201,0.829768,,,
10/24/2019 17:59,1.530861,0.3646326,8.014557,478.3104,18.74457,55.54955,26.83162,779.8,13.84642,-89.62779,12.74296,18.0904,0.2124326,0.896857,,,
10/24/2019 17:59,1.555115,0.3687353,7.781872,482.2984,18.37507,55.28775,26.83243,779.8,13.84642,-89.6278,12.74296,22.0784,0.2165353,0.664172,,,
10/24/2019 17:59,1.588287,0.3739662,7.648129,482.9119,18.71816,54.99451,26.83267,779.8,13.84642,-89.62781,12.74296,22.6919,0.2217662,0.530429,,,
10/24/2019 17:59,1.625691,0.3689794,7.503838,482.6052,18.93441,54.68339,26.83349,779.8,13.84642,-89.62782,12.74296,22.3852,0.2167794,0.386138,,,
10/24/2019 17:59,1.672306,0.3485518,7.484268,486.8999,19.12285,54.36112,26.83385,779.8,13.84641,-89.62782,12.74296,26.6799,0.1963518,0.366568,,,
10/24/2019 17:59,1.717506,0.3515987,7.264515,484.7526,19.1943,54.0298,26.83421,779.8,13.84641,-89.62783,12.74296,24.5326,0.1993987,0.146815,,,
10/24/2019 17:59,1.756477,0.3449306,7.479118,485.0593,19.20031,53.7029,26.83523,779.8,13.84641,-89.62784,12.66502,24.8393,0.1927306,0.361418,,,
10/24/2019 17:59,1.799454,0.3681316,7.387195,479.8442,19.24174,53.4027,26.8349,779.8,13.8464,-89.62785,12.66502,19.6242,0.2159316,0.269495,,,
10/24/2019 17:59,1.823296,0.3832216,7.539318,479.5375,19.21428,53.1094,26.83498,779.9,13.8464,-89.62786,12.66502,19.3175,0.2310216,0.421618,,,
10/24/2019 17:59,1.838505,0.3678884,7.360214,477.6968,19.18513,52.82787,26.83533,779.9,13.84639,-89.62787,12.66502,17.4768,0.2156884,0.242514,,,
10/24/2019 17:59,1.847607,0.3757,7.157593,471.8682,19.14518,52.55031,26.83664,779.9,13.84638,-89.62787,12.66502,11.6482,0.2235,0.039893,,,
10/24/2019 17:59,1.833721,0.3724537,6.960186,468.187,19.05913,52.28581,26.8372,779.9,13.84638,-89.62788,12.66502,7.967,0.2202537,-0.157514,,,
10/24/2019 17:59,1.822678,0.3665075,6.903973,469.4141,19.11082,52.02168,26.83713,779.9,13.84638,-89.62788,12.66502,9.1941,0.2143075,-0.213727,,,
10/24/2019 17:59,1.800758,0.3572941,6.839206,468.187,19.00187,51.76498,26.83733,779.9,13.84638,-89.62789,12.66502,7.967,0.2050941,-0.278494,,,
10/24/2019 17:59,1.78027,0.3650236,6.612541,467.2667,18.95444,51.52173,26.83856,779.9,13.84638,-89.6279,12.54812,7.0467,0.2128236,-0.505159,,,
10/24/2019 17:59,1.758152,0.3613644,6.602306,468.8005,18.87746,51.29086,26.8391,780,13.84637,-89.62791,12.54812,8.5805,0.2091644,-0.515394,,,
10/24/2019 17:59,1.731758,0.360609,6.36243,466.3464,18.86057,51.07146,26.83916,780,13.84637,-89.62792,12.54812,6.1264,0.208409,-0.75527,,,
10/24/2019 17:59,1.700348,0.3685961,6.418446,465.1193,18.85233,50.88567,26.83994,780,13.84637,-89.62793,12.54812,4.8993,0.2163961,-0.699254,,,
10/24/2019 17:59,1.677258,0.3615236,6.292393,462.9719,18.84263,50.71724,26.84019,780,13.84637,-89.62794,12.54812,2.7519,0.2093236,-0.825307,,,
10/24/2019 17:59,1.652229,0.3468809,6.263023,460.211,18.79028,50.57147,26.84062,780,13.84636,-89.62794,12.54812,-0.009,0.1946809,-0.854677,,,
10/24/2019 17:59,1.62991,0.3441925,6.43058,464.8125,18.795,50.44158,26.84108,780,13.84636,-89.62795,12.54812,4.5925,0.1919925,-0.68712,,,
10/24/2019 17:59,1.602661,0.345892,6.361439,461.1313,18.86883,50.3419,26.84101,780,13.84636,-89.62795,12.54812,0.9113,0.193692,-0.756261,,,
10/24/2019 17:59,1.577656,0.3579702,6.211754,462.0516,18.82762,50.25545,26.84112,780,13.84636,-89.62795,12.71373,1.8316,0.2057702,-0.905946,,,
10/24/2019 17:59,1.555824,0.3556099,6.085346,460.5178,18.79406,50.1985,26.84252,780,13.84636,-89.62795,12.71373,0.2978,0.2034099,-1.032354,,,
10/24/2019 17:59,1.52816,0.3556452,6.080856,457.4501,18.83376,50.14592,26.84328,780,13.84636,-89.62795,12.71373,-2.7699,0.2034452,-1.036844,,,
10/24/2019 17:59,1.496689,0.3528528,5.956425,457.7568,18.84584,50.11736,26.84341,780,13.84636,-89.62795,12.71373,-2.4632,0.2006528,-1.161275,,,
10/24/2019 17:59,1.456932,0.3601036,5.73095,459.5974,18.80255,50.09522,26.84429,780,13.84636,-89.62795,12.71373,-0.6226,0.2079036,-1.38675,,,
10/24/2019 17:59,1.43108,0.3494806,5.877617,459.5974,18.72323,50.08209,26.84517,780,13.84636,-89.62795,12.71373,-0.6226,0.1972806,-1.240083,,,
10/24/2019 17:59,1.391281,0.3384428,5.986397,463.2787,18.75133,50.08019,26.8456,780,13.84636,-89.62795,12.71373,3.0587,0.1862428,-1.131303,,,
10/24/2019 17:59,1.36256,0.3332615,5.723015,463.2787,18.70141,50.09084,26.84573,780,13.84636,-89.62795,12.71373,3.0587,0.1810615,-1.394685,,,
10/24/2019 17:59,1.339844,0.3502483,5.792667,462.0516,18.76875,50.10104,26.84679,780,13.84636,-89.62796,12.50915,1.8316,0.1980483,-1.325033,,,
10/24/2019 17:59,1.311405,0.3600235,5.862209,463.8922,18.73059,50.1096,26.84743,780,13.84636,-89.62798,12.50915,3.6722,0.2078235,-1.255491,,,
10/24/2019 17:59,1.290932,0.3552866,6.082237,462.3584,18.62391,50.13647,26.84761,780,13.84637,-89.62798,12.50915,2.1384,0.2030866,-1.035463,,,
10/24/2019 17:59,1.267937,0.3547449,6.052513,459.5974,18.57667,50.15839,26.84921,780.1,13.84637,-89.628,12.50915,-0.6226,0.2025449,-1.065187,,,
10/24/2019 17:59,1.251965,0.3500958,5.86837,463.5855,18.54296,50.17765,26.84959,780.1,13.84638,-89.62801,12.50915,3.3655,0.1978958,-1.24933,,,
10/24/2019 17:59,1.232594,0.3398943,5.848518,466.3464,18.53207,50.20302,26.85031,780,13.84638,-89.62802,12.50915,6.1264,0.1876943,-1.269182,,,
10/24/2019 17:59,1.21521,0.3410683,6.053291,467.5734,18.48073,50.21801,26.85137,780,13.84639,-89.62803,12.50915,7.3534,0.1888683,-1.064409,,,
10/24/2019 17:59,1.202972,0.3189249,6.188503,462.9719,18.59082,50.25201,26.85208,780,13.84639,-89.62804,12.50915,2.7519,0.1667249,-0.929197,,,
10/24/2019 17:59,1.194664,0.3081284,6.070934,463.2787,18.674,50.2963,26.85191,780,13.8464,-89.62805,12.70399,3.0587,0.1559284,-1.046766,,,
10/24/2019 17:59,1.183445,0.325346,6.112072,462.3584,18.61649,50.33879,26.85243,780,13.84641,-89.62806,12.70399,2.1384,0.173146,-1.005628,,,
10/24/2019 17:59,1.172237,0.3394871,5.994747,461.438,18.59806,50.39594,26.8538,780,13.84641,-89.62807,12.70399,1.218,0.1872871,-1.122953,,,
10/24/2019 17:59,1.163605,0.3258743,5.80539,465.426,18.67019,50.4573,26.85477,780,13.84642,-89.62808,12.70399,5.206,0.1736743,-1.31231,,,
10/24/2019 17:59,1.158207,0.3128662,5.601192,469.1073,18.66283,50.53133,26.85531,780,13.84642,-89.6281,12.70399,8.8873,0.1606662,-1.516508,,,
10/24/2019 17:59,1.149326,0.3047934,5.607613,466.6532,18.57946,50.59472,26.85579,780,13.84643,-89.6281,12.70399,6.4332,0.1525934,-1.510087,,,
10/24/2019 17:59,1.141312,0.3109226,5.53154,460.5178,18.60645,50.6594,26.85752,780,13.84643,-89.62811,12.70399,0.2978,0.1587226,-1.58616,,,
10/24/2019 17:59,1.137077,0.326993,5.357357,462.0516,18.67985,50.71626,26.85796,780,13.84644,-89.62813,12.70399,1.8316,0.174793,-1.760343,,,
10/24/2019 17:59,1.128475,0.326993,5.436733,467.2667,18.69587,50.76064,26.85822,780,13.84644,-89.62814,12.50915,7.0467,0.174793,-1.680967,,,
10/24/2019 17:59,1.126213,0.3157206,5.61906,467.2667,18.71583,50.78384,26.85881,780,13.84644,-89.62815,12.50915,7.0467,0.1635206,-1.49864,,,
10/24/2019 17:59,1.119782,0.3052645,5.495804,468.8005,18.74911,50.77323,26.86028,780,13.84644,-89.62816,12.50915,8.5805,0.1530645,-1.621896,,,
10/24/2019 17:59,1.110905,0.3036156,5.735359,466.6532,18.66887,50.74526,26.86072,780,13.84644,-89.62817,12.50915,6.4332,0.1514156,-1.382341,,,
10/24/2019 17:59,1.10445,0.3044043,5.993095,463.2787,18.49205,50.68715,26.86166,780,13.84645,-89.62818,12.50915,3.0587,0.1522043,-1.124605,,,
10/24/2019 17:59,1.099644,0.2942181,5.961521,464.5057,18.48781,50.60443,26.86246,780,13.84645,-89.62819,12.50915,4.2857,0.1420181,-1.156179,,,
10/24/2019 17:59,1.102631,0.3064575,5.947685,464.8125,18.59595,50.50524,26.86299,780,13.84645,-89.6282,12.50915,4.5925,0.1542575,-1.170015,,,
10/24/2019 17:59,1.095646,0.2937651,6.019642,468.8005,18.58891,50.38748,26.86382,780,13.84645,-89.62821,12.50915,8.5805,0.1415651,-1.098058,,,
10/24/2019 17:59,1.08997,0.2840986,5.894283,465.1193,18.54413,50.2666,26.86521,780,13.84645,-89.62822,12.70399,4.8993,0.1318986,-1.223417,,,
10/24/2019 17:59,1.088257,0.2875986,5.756916,465.426,18.49057,50.17211,26.86428,780,13.84646,-89.62823,12.70399,5.206,0.1353986,-1.360784,,,
10/24/2019 17:59,1.082981,0.3015032,5.670074,467.5734,18.58096,50.08971,26.8653,780,13.84646,-89.62824,12.70399,7.3534,0.1493032,-1.447626,,,
10/24/2019 17:59,1.076233,0.3000822,5.440849,462.6651,18.60775,50.03172,26.86667,780,13.84647,-89.62826,12.70399,2.4451,0.1478822,-1.676851,,,
10/24/2019 17:59,1.074734,0.291647,5.60873,461.7448,18.58809,49.98614,26.86726,779.9,13.84647,-89.62826,12.70399,1.5248,0.139447,-1.50897,,,
10/24/2019 17:59,1.070076,0.2850113,5.4482,460.5178,18.55132,49.94605,26.86758,779.9,13.84648,-89.62827,12.70399,0.2978,0.1328113,-1.6695,,,
10/24/2019 18:00,1.071209,0.2944489,5.297405,461.7448,18.6356,49.93049,26.86855,779.9,13.84649,-89.62828,12.70399,1.5248,0.1422489,-1.820295,,,
10/24/2019 18:00,1.063667,0.2824249,5.362396,462.6651,18.20275,49.93871,26.86864,779.9,13.8465,-89.62829,12.70399,2.4451,0.1302249,-1.755304,,,
10/24/2019 18:00,1.065678,0.2915678,5.475765,465.1193,18.42311,49.92812,26.86982,779.9,13.84651,-89.6283,12.4994,4.8993,0.1393678,-1.641935,,,
10/24/2019 18:00,1.060642,0.2985973,5.596848,466.9599,18.60372,49.92194,26.87126,779.8,13.84652,-89.6283,12.4994,6.7399,0.1463973,-1.520852,,,
10/24/2019 18:00,1.060535,0.2868099,5.605579,463.2787,18.71906,49.90366,26.87125,779.8,13.84652,-89.62831,12.4994,3.0587,0.1346099,-1.512121,,,
10/24/2019 18:00,1.062733,0.2881775,5.385124,460.8246,18.78941,49.88432,26.87247,779.8,13.84653,-89.62832,12.4994,0.6046,0.1359775,-1.732576,,,
10/24/2019 18:00,1.076248,0.2796259,5.532784,458.0636,18.8089,49.85797,26.87309,779.8,13.84653,-89.62833,12.4994,-2.1564,0.1274259,-1.584916,,,
10/24/2019 18:00,1.095642,0.2666922,5.444416,461.7448,18.87871,49.83361,26.8737,779.8,13.84653,-89.62833,12.4994,1.5248,0.1144922,-1.673284,,,
10/24/2019 18:00,1.132725,0.2742462,5.332371,460.8246,18.86391,49.81522,26.87378,779.8,13.84654,-89.62834,12.4994,0.6046,0.1220462,-1.785329,,,
10/24/2019 18:00,1.180935,0.288722,5.343979,458.9839,18.86898,49.78499,26.8754,779.8,13.84654,-89.62835,12.4994,-1.2361,0.136522,-1.773721,,,
10/24/2019 18:00,1.235256,0.2917337,5.53566,464.5057,18.90751,49.75912,26.87613,779.8,13.84655,-89.62836,12.69669,4.2857,0.1395337,-1.58204,,,
10/24/2019 18:00,1.295708,0.2974234,5.456554,470.3344,18.96871,49.72829,26.87672,779.8,13.84655,-89.62837,12.69669,10.1144,0.1452234,-1.661146,,,
10/24/2019 18:00,1.358776,0.314086,5.781082,470.6412,19.00867,49.71332,26.877,779.8,13.84655,-89.62838,12.69669,10.4212,0.161886,-1.336618,,,
10/24/2019 18:00,1.424877,0.3222065,5.656536,476.7766,19.01738,49.70575,26.87792,779.8,13.84656,-89.62838,12.69669,16.5566,0.1700065,-1.461164,,,
10/24/2019 18:00,1.498276,0.3422375,5.441906,478.0036,19.05498,49.69477,26.87892,779.8,13.84657,-89.62839,12.69669,17.7836,0.1900375,-1.675794,,,
10/24/2019 18:00,1.565651,0.3366842,5.284492,479.8442,18.99874,49.6994,26.87981,779.7,13.84657,-89.62841,12.69669,19.6242,0.1844842,-1.833208,,,
10/24/2019 18:00,1.638752,0.3415918,5.43504,480.7645,18.90557,49.69419,26.88058,779.7,13.84658,-89.62842,12.69669,20.5445,0.1893918,-1.68266,,,
10/24/2019 18:00,1.708687,0.3514662,5.487553,480.4578,19.02061,49.6907,26.88116,779.7,13.84658,-89.62842,12.69669,20.2378,0.1992662,-1.630147,,,
10/24/2019 18:00,1.766247,0.3550596,5.595333,480.151,18.99126,49.70793,26.88227,779.7,13.84659,-89.62844,12.62057,19.931,0.2028596,-1.522367,,,
10/24/2019 18:00,1.819031,0.3486195,5.492401,480.151,18.99595,49.72086,26.88313,779.8,13.84659,-89.62845,12.62057,19.931,0.1964195,-1.625299,,,
10/24/2019 18:00,1.86927,0.3453627,5.652439,478.0036,19.00623,49.757,26.88407,779.7,13.84659,-89.62846,12.62057,17.7836,0.1931627,-1.465261,,,
10/24/2019 18:00,1.916733,0.3599625,5.820503,478.3104,18.92208,49.7836,26.88466,779.7,13.84659,-89.62847,12.62057,18.0904,0.2077625,-1.297197,,,
10/24/2019 18:00,1.952583,0.3935966,5.859215,474.0156,18.98988,49.81517,26.88493,779.7,13.8466,-89.62849,12.62057,13.7956,0.2413966,-1.258485,,,
10/24/2019 18:00,1.987213,0.4114885,5.908863,478.0036,19.04027,49.85996,26.88608,779.7,13.8466,-89.6285,12.62057,17.7836,0.2592885,-1.208837,,,
10/24/2019 18:00,2.011211,0.4132528,5.867958,481.6849,18.99898,49.9212,26.88725,779.7,13.8466,-89.62851,12.62057,21.4649,0.2610528,-1.249742,,,
10/24/2019 18:00,2.028706,0.4249506,5.539585,480.151,18.98719,49.99786,26.88692,779.7,13.84661,-89.62852,12.62057,19.931,0.2727506,-1.578115,,,
10/24/2019 18:00,2.038208,0.4397411,5.787567,481.378,18.93433,50.10299,26.88824,779.7,13.84661,-89.62854,12.50504,21.158,0.2875411,-1.330133,,,
10/24/2019 18:00,2.051964,0.4248838,5.811646,481.6849,18.95343,50.20966,26.88976,779.7,13.84661,-89.62854,12.50504,21.4649,0.2726838,-1.306054,,,
10/24/2019 18:00,2.058884,0.4325046,5.894581,490.2744,19.05778,50.32344,26.89143,779.7,13.84662,-89.62855,12.50504,30.0544,0.2803046,-1.223119,,,
10/24/2019 18:00,2.068752,0.4340716,6.02314,493.3421,19.04436,50.44431,26.89139,779.7,13.84662,-89.62857,12.50504,33.1221,0.2818716,-1.09456,,,
10/24/2019 18:00,2.071285,0.4481468,5.832306,491.1947,19.06054,50.57626,26.89147,779.7,13.84662,-89.62858,12.50504,30.9747,0.2959468,-1.285394,,,
10/24/2019 18:00,2.063469,0.4508028,6.07362,492.115,19.01429,50.69083,26.89277,779.7,13.84663,-89.62859,12.50504,31.895,0.2986028,-1.04408,,,
10/24/2019 18:00,2.048481,0.4516344,6.039799,491.5015,19.07735,50.81024,26.89368,779.7,13.84663,-89.62861,12.50504,31.2815,0.2994344,-1.077901,,,
10/24/2019 18:00,2.035519,0.456564,5.901287,487.2067,19.04039,50.92589,26.89503,779.7,13.84664,-89.62862,12.50504,26.9867,0.304364,-1.216413,,,
10/24/2019 18:00,2.017738,0.448823,5.827103,485.6728,18.97242,51.0277,26.89508,779.7,13.84664,-89.62863,12.70091,25.4528,0.296623,-1.290597,,,
10/24/2019 18:00,2.014812,0.450942,5.973869,485.0593,18.8835,51.13354,26.89656,779.7,13.84665,-89.62865,12.70091,24.8393,0.298742,-1.143831,,,
10/24/2019 18:00,2.005775,0.4560948,6.015423,486.5931,18.90841,51.20278,26.8979,779.7,13.84665,-89.62866,12.70091,26.3731,0.3038948,-1.102277,,,
10/24/2019 18:00,2.000946,0.4521694,6.104744,482.2984,18.97025,51.25979,26.89892,779.7,13.84665,-89.62867,12.70091,22.0784,0.2999694,-1.012956,,,
10/24/2019 18:00,2.004372,0.4587202,6.187744,485.0593,18.91122,51.29324,26.89916,779.7,13.84665,-89.62869,12.70091,24.8393,0.3065202,-0.929956,,,
10/24/2019 18:00,2.007263,0.4684,6.229252,484.7526,18.88385,51.31264,26.90089,779.7,13.84665,-89.6287,12.70091,24.5326,0.3162,-0.888448,,,
10/24/2019 18:00,2.009827,0.4798193,6.36272,482.9119,18.92477,51.30234,26.90159,779.7,13.84666,-89.6287,12.70091,22.6919,0.3276193,-0.75498,,,
10/24/2019 18:00,2.013405,0.4770031,6.325897,481.9916,19.00312,51.27168,26.90154,779.7,13.84666,-89.62871,12.70091,21.7716,0.3248031,-0.791803,,,
10/24/2019 18:00,2.015995,0.4691772,6.250069,479.2307,19.04943,51.21538,26.90273,779.7,13.84667,-89.62873,12.50683,19.0107,0.3169772,-0.867631,,,
10/24/2019 18:00,2.022118,0.463129,6.434906,473.0953,19.03106,51.13345,26.90357,779.7,13.84667,-89.62874,12.50683,12.8753,0.310929,-0.682794,,,
10/24/2019 18:00,2.039074,0.4526338,6.532436,475.8562,19.04865,51.03243,26.90463,779.7,13.84668,-89.62874,12.50683,15.6362,0.3004338,-0.585264,,,
10/24/2019 18:00,2.054344,0.4475632,6.429916,477.6968,19.15759,50.9182,26.90514,779.7,13.84668,-89.62876,12.50683,17.4768,0.2953632,-0.687784,,,
10/24/2019 18:00,2.055687,0.4570704,6.36879,479.5375,19.01752,50.7913,26.90483,779.7,13.84669,-89.62877,12.50683,19.3175,0.3048704,-0.74891,,,
10/24/2019 18:00,2.056458,0.4651794,6.356518,476.7766,19.06276,50.65785,26.90593,779.7,13.84669,-89.62878,12.50683,16.5566,0.3129794,-0.761182,,,
10/24/2019 18:00,2.050316,0.4579563,6.33622,475.2427,19.0066,50.54182,26.90723,779.6,13.84669,-89.62879,12.50683,15.0227,0.3057563,-0.78148,,,
10/24/2019 18:00,2.039764,0.4584179,6.32227,470.0276,18.90806,50.40635,26.90797,779.7,13.84669,-89.6288,12.50683,9.8076,0.3062179,-0.79543,,,
10/24/2019 18:00,2.032982,0.4500065,6.652408,471.2547,18.85982,50.28256,26.90811,779.7,13.84669,-89.62881,12.70226,11.0347,0.2978065,-0.465292,,,
10/24/2019 18:00,2.01976,0.4361811,6.583584,473.4021,18.82982,50.16681,26.90851,779.7,13.8467,-89.62882,12.70226,13.1821,0.2839811,-0.534116,,,
10/24/2019 18:00,2.010674,0.4386606,6.490997,476.7766,18.85369,50.07192,26.91033,779.6,13.8467,-89.62883,12.70226,16.5566,0.2864606,-0.626703,,,
10/24/2019 18:00,1.991138,0.4396143,6.392944,479.2307,18.82033,49.97383,26.91073,779.6,13.84671,-89.62885,12.70226,19.0107,0.2874143,-0.724756,,,
10/24/2019 18:00,1.963493,0.4483872,6.35363,477.0833,18.82369,49.89332,26.91085,779.7,13.84671,-89.62886,12.70226,16.8633,0.2961872,-0.76407,,,
10/24/2019 18:00,1.935921,0.4492474,6.437397,476.4698,18.95271,49.81406,26.91184,779.7,13.84672,-89.62886,12.70226,16.2498,0.2970474,-0.680303,,,
10/24/2019 18:00,1.905575,0.441143,6.263077,477.3901,18.85897,49.75867,26.91315,779.7,13.84672,-89.62887,12.70226,17.1701,0.288943,-0.854623,,,
10/24/2019 18:00,1.875858,0.429121,6.230518,478.3104,18.92624,49.69985,26.91339,779.7,13.84673,-89.62888,12.70226,18.0904,0.276921,-0.887182,,,
10/24/2019 18:00,1.848991,0.424654,6.245354,477.0833,18.90098,49.64857,26.91434,779.7,13.84673,-89.6289,12.50784,16.8633,0.272454,-0.872346,,,
10/24/2019 18:00,1.827141,0.4239931,6.261688,475.5494,18.89301,49.60047,26.91512,779.7,13.84673,-89.6289,12.50784,15.3294,0.2717931,-0.856012,,,
10/24/2019 18:01,1.821121,0.4313336,6.232899,475.5494,18.85765,49.55509,26.91551,779.7,13.84674,-89.62892,12.50784,15.3294,0.2791336,-0.884801,,,
10/24/2019 18:01,1.82774,0.4354258,6.462257,474.6292,18.47054,49.50902,26.91628,779.7,13.84674,-89.62893,12.50784,14.4092,0.2832258,-0.655443,,,
10/24/2019 18:01,1.847755,0.4324303,6.372364,478.3104,18.89515,49.45486,26.91722,779.7,13.84675,-89.62894,12.50784,18.0904,0.2802303,-0.745336,,,
10/24/2019 18:01,1.890846,0.42624,6.413814,476.163,19.06347,49.41058,26.91814,779.7,13.84675,-89.62895,12.50784,15.943,0.27404,-0.703886,,,
10/24/2019 18:01,1.93576,0.4374781,6.400749,477.6968,19.05618,49.36216,26.91921,779.7,13.84676,-89.62897,12.50784,17.4768,0.2852781,-0.716951,,,
10/24/2019 18:01,2.000206,0.4559736,6.463726,481.6849,19.14861,49.31493,26.91977,779.6,13.84676,-89.62898,12.50784,21.4649,0.3037736,-0.653974,,,
10/24/2019 18:01,2.088623,0.4738398,6.363731,476.4698,19.26853,49.27924,26.92072,779.7,13.84677,-89.62899,12.70302,16.2498,0.3216398,-0.753969,,,
10/24/2019 18:01,2.187775,0.4779272,6.332512,475.8562,19.26058,49.246,26.92149,779.6,13.84677,-89.62901,12.70302,15.6362,0.3257272,-0.785188,,,
10/24/2019 18:01,2.30418,0.4737234,6.458568,474.9359,19.17469,49.22536,26.92165,779.6,13.84677,-89.62902,12.70302,14.7159,0.3215234,-0.659132,,,
10/24/2019 18:01,2.429848,0.4769354,6.380878,473.7089,19.2694,49.19671,26.92278,779.6,13.84677,-89.62903,12.70302,13.4889,0.3247354,-0.736822,,,
10/24/2019 18:01,2.550835,0.482132,6.252819,471.2547,19.30797,49.17198,26.92339,779.6,13.84678,-89.62904,12.70302,11.0347,0.329932,-0.864881,,,
10/24/2019 18:01,2.652733,0.5010138,6.166802,475.2427,19.3897,49.1507,26.92448,779.6,13.84678,-89.62905,12.70302,15.0227,0.3488138,-0.950898,,,
10/24/2019 18:01,2.744522,0.523263,5.956596,472.7885,19.49513,49.11211,26.92525,779.6,13.84678,-89.62906,12.70302,12.5685,0.371063,-1.161104,,,
10/24/2019 18:01,2.816776,0.5360861,6.18169,472.175,19.49597,49.0753,26.92679,779.6,13.84679,-89.62908,12.70302,11.955,0.3838861,-0.93601,,,
10/24/2019 18:01,2.873394,0.5645962,6.375912,476.7766,19.51809,49.01708,26.92737,779.6,13.84679,-89.6291,12.50841,16.5566,0.4123962,-0.741788,,,
10/24/2019 18:01,2.898792,0.5737867,6.268227,474.9359,19.53892,48.94966,26.92804,779.6,13.84679,-89.6291,12.50841,14.7159,0.4215867,-0.849473,,,
10/24/2019 18:01,2.909039,0.5701885,6.060734,473.0953,19.52446,48.86357,26.929,779.6,13.8468,-89.62912,12.50841,12.8753,0.4179885,-1.056966,,,
10/24/2019 18:01,2.911674,0.5733976,6.052513,471.5615,19.58442,48.77713,26.92926,779.6,13.8468,-89.62913,12.50841,11.3415,0.4211976,-1.065187,,,
10/24/2019 18:01,2.907928,0.5797768,5.742824,472.175,19.56634,48.68667,26.9304,779.6,13.84681,-89.62914,12.50841,11.955,0.4275768,-1.374876,,,
10/24/2019 18:01,2.930325,0.582303,5.870358,477.0833,19.57184,48.58881,26.93112,779.6,13.84681,-89.62915,12.50841,16.8633,0.430103,-1.247342,,,
10/24/2019 18:01,2.960079,0.5830212,5.937004,479.8442,19.58879,48.50346,26.93132,779.6,13.84682,-89.62917,12.50841,19.6242,0.4308212,-1.180696,,,
10/24/2019 18:01,3.030125,0.5896549,5.921986,474.9359,19.56284,48.42711,26.93219,779.5,13.84682,-89.62918,12.50841,14.7159,0.4374549,-1.195714,,,
10/24/2019 18:01,3.161068,0.5905314,5.802986,473.7089,19.46726,48.36805,26.93376,779.5,13.84682,-89.62918,12.6255,13.4889,0.4383314,-1.314714,,,
10/24/2019 18:01,3.347855,0.6041021,5.843006,475.5494,19.5109,48.33577,26.93427,779.5,13.84683,-89.6292,12.6255,15.3294,0.4519021,-1.274694,,,
10/24/2019 18:01,3.600296,0.6125355,5.830425,473.7089,19.46911,48.33916,26.93615,779.5,13.84684,-89.6292,12.6255,13.4889,0.4603355,-1.287275,,,
10/24/2019 18:01,3.908379,0.636797,5.750172,475.2427,19.52547,48.36466,26.93549,779.5,13.84684,-89.62921,12.6255,15.0227,0.484597,-1.367528,,,
10/24/2019 18:01,4.26907,0.6544018,6.073345,475.5494,19.61071,48.4062,26.93719,779.5,13.84685,-89.62922,12.6255,15.3294,0.5022018,-1.044355,,,
10/24/2019 18:01,4.64072,0.6851263,6.657551,478.924,19.6736,48.45554,26.93793,779.5,13.84686,-89.62923,12.6255,18.704,0.5329263,-0.460149,,,
10/24/2019 18:01,5.007904,0.7112284,6.561527,478.924,19.81233,48.50227,26.93838,779.4,13.84686,-89.62925,12.6255,18.704,0.5590284,-0.556173,,,
10/24/2019 18:01,5.359661,0.7529345,6.454117,482.9119,19.96511,48.5606,26.93932,779.5,13.84686,-89.62926,12.6255,22.6919,0.6007345,-0.663583,,,
10/24/2019 18:01,5.640774,0.7991323,6.538231,489.9676,20.07358,48.63502,26.94019,779.4,13.84687,-89.62926,12.66461,29.7476,0.6469323,-0.579469,,,
10/24/2019 18:01,5.862896,0.8194189,6.636295,491.5015,20.21597,48.70409,26.94142,779.4,13.84687,-89.62928,12.66461,31.2815,0.6672189,-0.481405,,,
10/24/2019 18:01,6.019775,0.8557701,6.860348,493.9556,20.40019,48.77757,26.94247,779.4,13.84688,-89.62929,12.66461,33.7356,0.7035701,-0.257352,,,
10/24/2019 18:01,6.118633,0.8953247,6.629421,493.6489,20.45043,48.85854,26.94317,779.4,13.84688,-89.6293,12.66461,33.4289,0.7431247,-0.488279,,,
10/24/2019 18:01,6.224007,0.9257555,6.72435,491.8082,20.61024,48.93215,26.94433,779.4,13.84689,-89.62931,12.66461,31.5882,0.7735555,-0.39335,,,
10/24/2019 18:01,6.33445,0.966753,6.78904,489.6609,20.73565,49.01476,26.9457,779.4,13.84689,-89.62932,12.66461,29.4409,0.814553,-0.32866,,,
10/24/2019 18:01,6.418125,0.997838,6.93824,490.5812,20.79206,49.08354,26.94637,779.4,13.8469,-89.62934,12.66461,30.3612,0.845638,-0.17946,,,
10/24/2019 18:01,6.489483,1.011372,7.0854,490.8879,20.73777,49.13856,26.94662,779.4,13.8469,-89.62934,12.66461,30.6679,0.859172,-0.0323,,,
10/24/2019 18:01,6.516788,1.019131,7.11216,488.127,20.82511,49.16803,26.94793,779.4,13.84691,-89.62935,12.49766,27.907,0.866931,-0.00554,,,
10/24/2019 18:01,6.480183,1.049034,6.934219,484.4458,20.77624,49.17911,26.94935,779.3,13.84692,-89.62936,12.49766,24.2258,0.896834,-0.183481,,,
10/24/2019 18:01,6.390678,1.079906,7.07373,489.3541,20.76733,49.15217,26.95014,779.3,13.84692,-89.62937,12.49766,29.1341,0.927706,-0.04397,,,
10/24/2019 18:01,6.242432,1.083423,7.139805,485.6728,20.67966,49.105,26.9509,779.3,13.84693,-89.62938,12.49766,25.4528,0.931223,0.022105,,,
10/24/2019 18:01,6.084126,1.079986,7.190506,484.7526,20.79566,49.0396,26.95192,779.3,13.84694,-89.62938,12.49766,24.5326,0.927786,0.072806,,,
10/24/2019 18:01,5.922886,1.091131,7.374351,486.2864,20.70834,48.94347,26.95238,779.2,13.84695,-89.62939,12.49766,26.0664,0.938931,0.256651,,,
10/24/2019 18:01,5.780445,1.080852,7.308281,487.8202,20.60401,48.84479,26.95398,779.2,13.84696,-89.6294,12.49766,27.6002,0.928652,0.190581,,,
10/24/2019 18:01,5.645313,1.10174,7.162289,492.115,20.56606,48.72765,26.9544,779.2,13.84696,-89.62941,12.49766,31.895,0.94954,0.044589,,,
10/24/2019 18:01,5.528065,1.099986,7.397903,498.2504,20.53144,48.61107,26.95415,779.2,13.84697,-89.62942,12.69256,38.0304,0.947786,0.280203,,,
10/24/2019 18:01,5.422642,1.101374,7.406349,505.3061,20.50714,48.51072,26.95597,779.2,13.84697,-89.62942,12.69256,45.0861,0.949174,0.288649,,,
10/24/2019 18:01,5.326237,1.073632,7.537926,514.816,20.42026,48.40514,26.9572,779.2,13.84698,-89.62944,12.69256,54.596,0.921432,0.420226,,,
10/24/2019 18:01,5.249794,1.055366,7.569603,518.1904,20.37027,48.29211,26.95766,779.2,13.84699,-89.62945,12.69256,57.9704,0.903166,0.451903,,,
10/24/2019 18:01,5.177422,1.030534,7.54258,517.2702,20.31684,48.21705,26.95821,779.2,13.84699,-89.62946,12.69256,57.0502,0.878334,0.42488,,,
10/24/2019 18:01,5.11264,1.007247,7.661335,513.5889,20.3518,48.12397,26.959,779.2,13.847,-89.62946,12.69256,53.3689,0.855047,0.543635,,,
10/24/2019 18:01,5.05339,1.004672,7.823658,512.055,20.34206,48.05349,26.96098,779.1,13.847,-89.62947,12.69256,51.835,0.852472,0.705958,,,
10/24/2019 18:01,5.003281,1.012793,7.764328,511.1347,20.23748,47.98738,26.96116,779.2,13.847,-89.62948,12.69256,50.9147,0.860593,0.646628,,,
10/24/2019 18:01,4.969994,1.009293,7.853191,510.2144,20.28401,47.93774,26.96143,779.1,13.84701,-89.6295,12.48805,49.9944,0.857093,0.735491,,,
10/24/2019 18:01,4.948746,0.995574,7.698898,513.8956,20.20429,47.89123,26.96274,779.1,13.84701,-89.6295,12.48805,53.6756,0.843374,0.581198,,,
10/24/2019 18:01,4.942741,0.9850197,7.477546,511.1347,20.16781,47.8635,26.96401,779.2,13.84701,-89.62952,12.48805,50.9147,0.8328197,0.359846,,,
10/24/2019 18:01,4.962914,0.9832878,7.241138,505.9196,20.16281,47.84894,26.96497,779.2,13.84701,-89.62953,12.48805,45.6996,0.8310878,0.123438,,,
10/24/2019 18:01,5.005776,0.9811058,7.151829,503.4655,20.20908,47.86536,26.96597,779.2,13.84702,-89.62954,12.48805,43.2455,0.8289058,0.034129,,,
10/24/2019 18:01,5.050877,0.9779578,7.14381,498.864,20.19934,47.88142,26.96635,779.2,13.84702,-89.62954,12.48805,38.644,0.8257578,0.02611,,,
10/24/2019 18:02,5.0984,0.969512,7.075702,496.7166,20.04939,47.89677,26.96733,779.2,13.84702,-89.62956,12.48805,36.4966,0.817312,-0.041998,,,
10/24/2019 18:02,5.136791,0.9804315,7.205586,497.3301,19.5844,47.93145,26.96803,779.2,13.84702,-89.62958,12.48805,37.1101,0.8282315,0.087886,,,
10/24/2019 18:02,5.163662,0.9820061,7.195389,499.4775,19.88057,47.94969,26.96898,779.2,13.84702,-89.62959,12.69266,39.2575,0.8298061,0.077689,,,
10/24/2019 18:02,5.160038,0.9912978,7.255794,501.3181,20.116,47.9696,26.9696,779.2,13.84702,-89.6296,12.69266,41.0981,0.8390978,0.138094,,,
10/24/2019 18:02,5.12936,0.9884844,7.08229,502.8519,20.29412,47.99505,26.97169,779.2,13.84702,-89.62962,12.69266,42.6319,0.8362844,-0.03541,,,
10/24/2019 18:02,5.06065,0.9853621,7.071155,508.3738,20.32183,48.0014,26.97189,779.2,13.84702,-89.62963,12.69266,48.1538,0.8331621,-0.046545,,,
10/24/2019 18:02,4.9561,0.9789429,7.131802,516.3498,20.47324,48.00404,26.97346,779.2,13.84701,-89.62964,12.69266,56.1298,0.8267429,0.014102,,,
10/24/2019 18:02,4.825066,0.9867687,7.066109,520.6446,20.43329,47.99609,26.97398,779.2,13.84701,-89.62966,12.69266,60.4246,0.8345687,-0.051591,,,
10/24/2019 18:02,4.680401,0.9706764,7.077682,519.7243,20.36031,47.99,26.97431,779.2,13.84701,-89.62967,12.69266,59.5043,0.8184764,-0.040018,,,
10/24/2019 18:02,4.533993,0.9686527,7.071793,519.1107,20.30589,47.97906,26.97664,779.2,13.84701,-89.62968,12.69266,58.8907,0.8164527,-0.045907,,,
10/24/2019 18:02,4.392105,0.9443817,6.996948,519.1107,20.30923,47.95193,26.97765,779.3,13.84701,-89.6297,12.47839,58.8907,0.7921817,-0.120752,,,
10/24/2019 18:02,4.275791,0.9285717,6.930851,522.792,20.22416,47.93588,26.97776,779.3,13.84701,-89.6297,12.47839,62.572,0.7763717,-0.186849,,,
10/24/2019 18:02,4.16198,0.9055806,6.924168,521.8716,20.15415,47.91093,26.97936,779.2,13.84701,-89.62971,12.47839,61.6516,0.7533806,-0.193532,,,
10/24/2019 18:02,4.049049,0.8912392,7.072487,518.4972,20.09514,47.8745,26.97975,779.3,13.84701,-89.62973,12.47839,58.2772,0.7390392,-0.045213,,,
10/24/2019 18:02,3.941013,0.8763847,7.057221,514.2024,20.05055,47.84583,26.98116,779.3,13.84701,-89.62974,12.47839,53.9824,0.7241847,-0.060479,,,
10/24/2019 18:02,3.837059,0.8878269,7.162063,512.6686,19.93402,47.79764,26.98145,779.3,13.84702,-89.62975,12.47839,52.4486,0.7356269,0.044363,,,
10/24/2019 18:02,3.738487,0.8781242,6.929848,505.9196,19.81859,47.7555,26.98317,779.3,13.84702,-89.62977,12.47839,45.6996,0.7259242,-0.187852,,,
10/24/2019 18:02,3.635502,0.8493223,6.81459,501.0114,19.83113,47.71464,26.98405,779.3,13.84703,-89.62978,12.47839,40.7914,0.6971223,-0.30311,,,
10/24/2019 18:02,3.523952,0.8275976,6.684338,496.4098,19.64092,47.67472,26.98463,779.3,13.84703,-89.62979,12.69272,36.1898,0.6753976,-0.433362,,,
10/24/2019 18:02,3.409279,0.8139124,6.595638,495.1827,19.50515,47.64128,26.98545,779.3,13.84703,-89.6298,12.69272,34.9627,0.6617124,-0.522062,,,
10/24/2019 18:02,3.294727,0.8019714,6.533295,493.0353,19.50846,47.62462,26.9872,779.3,13.84703,-89.62982,12.69272,32.8153,0.6497714,-0.584405,,,
10/24/2019 18:02,3.17889,0.8017435,6.596531,489.6609,19.40046,47.61462,26.98714,779.3,13.84703,-89.62982,12.69272,29.4409,0.6495435,-0.521169,,,
10/24/2019 18:02,3.062008,0.7695026,6.460774,489.9676,19.3688,47.63585,26.98877,779.2,13.84703,-89.62984,12.69272,29.7476,0.6173026,-0.656926,,,
10/24/2019 18:02,2.961407,0.7481136,6.468285,483.8322,19.41731,47.66368,26.98963,779.2,13.84703,-89.62986,12.69272,23.6122,0.5959136,-0.649415,,,
10/24/2019 18:02,2.865509,0.7296028,6.262943,482.9119,19.33573,47.70738,26.99049,779.2,13.84704,-89.62986,12.69272,22.6919,0.5774028,-0.854757,,,
10/24/2019 18:02,2.781197,0.7171459,6.215904,474.9359,19.41623,47.76149,26.99098,779.2,13.84704,-89.62987,12.69272,14.7159,0.5649459,-0.901796,,,
10/24/2019 18:02,2.720062,0.7106466,5.997799,468.187,19.41945,47.81599,26.99239,779.2,13.84704,-89.62989,12.49791,7.967,0.5584466,-1.119901,,,
10/24/2019 18:02,2.665791,0.7102166,6.253906,463.5855,19.38515,47.87298,26.99371,779.2,13.84704,-89.6299,12.49791,3.3655,0.5580166,-0.863794,,,
10/24/2019 18:02,2.617355,0.6827822,6.211189,459.5974,19.38013,47.91126,26.99409,779.2,13.84705,-89.6299,12.49791,-0.6226,0.5305822,-0.906511,,,
10/24/2019 18:02,2.582211,0.6557732,6.177712,462.9719,19.37694,47.95659,26.99552,779.2,13.84705,-89.62992,12.49791,2.7519,0.5035732,-0.939988,,,
10/24/2019 18:02,2.550259,0.6491404,6.346348,462.0516,19.31873,48.00369,26.99633,779.2,13.84705,-89.62993,12.49791,1.8316,0.4969404,-0.771352,,,
10/24/2019 18:02,2.529003,0.6424627,6.228066,459.2907,19.23998,48.02932,26.9976,779.2,13.84706,-89.62994,12.49791,-0.9293,0.4902627,-0.889634,,,
10/24/2019 18:02,2.505875,0.6518698,6.09885,457.4501,19.24717,48.0611,26.99873,779.2,13.84706,-89.62995,12.49791,-2.7699,0.4996698,-1.01885,,,
10/24/2019 18:02,2.491005,0.6547814,5.998642,454.3824,19.19365,48.08508,26.99904,779.2,13.84707,-89.62996,12.49791,-5.8376,0.5025814,-1.119058,,,
10/24/2019 18:02,2.478893,0.6392222,5.73431,456.5297,19.08002,48.0862,27.00036,779.2,13.84708,-89.62997,12.66353,-3.6903,0.4870222,-1.38339,,,
10/24/2019 18:02,2.474991,0.6394491,5.653187,459.5974,19.05156,48.0742,27.00134,779.1,13.84708,-89.62998,12.66353,-0.6226,0.4872491,-1.464513,,,
10/24/2019 18:02,2.466156,0.629345,5.702454,460.8246,19.01937,48.07361,27.00237,779.1,13.84708,-89.62999,12.66353,0.6046,0.477145,-1.415246,,,
10/24/2019 18:02,2.462448,0.6178255,6.145718,462.9719,18.9352,48.06458,27.00305,779.1,13.84708,-89.63001,12.66353,2.7519,0.4656255,-0.971982,,,
10/24/2019 18:02,2.464821,0.6116409,6.215164,464.199,18.96373,48.04295,27.00316,779.1,13.84709,-89.63002,12.66353,3.979,0.4594409,-0.902536,,,
10/24/2019 18:02,2.485123,0.6065855,6.230846,468.8005,19.0154,48.0311,27.00504,779.1,13.84709,-89.63002,12.66353,8.5805,0.4543855,-0.886854,,,
10/24/2019 18:02,2.512619,0.5899782,6.244522,471.8682,19.02673,48.00437,27.00616,779.1,13.84709,-89.63004,12.66353,11.6482,0.4377782,-0.873178,,,
10/24/2019 18:02,2.546879,0.5881147,6.079079,472.7885,19.12294,47.96858,27.00636,779.1,13.8471,-89.63005,12.66353,12.5685,0.4359147,-1.038621,,,
10/24/2019 18:02,2.575642,0.5712242,6.065624,474.9359,19.22314,47.93798,27.00746,779.1,13.8471,-89.63006,12.62457,14.7159,0.4190242,-1.052076,,,
10/24/2019 18:02,2.603809,0.5751944,6.1175,469.7208,19.09763,47.89082,27.00922,779.1,13.8471,-89.63007,12.62457,9.5008,0.4229944,-1.0002,,,
10/24/2019 18:02,2.627876,0.5842161,6.015266,469.7208,19.08524,47.85563,27.01008,779,13.84711,-89.63008,12.62457,9.5008,0.4320161,-1.102434,,,
10/24/2019 18:02,2.640949,0.600709,6.087059,472.175,18.98727,47.80369,27.01082,779,13.84711,-89.63009,12.62457,11.955,0.448509,-1.030641,,,
10/24/2019 18:02,2.651207,0.5921936,6.061378,470.0276,19.02127,47.73798,27.01178,779,13.84712,-89.6301,12.62457,9.8076,0.4399936,-1.056322,,,
10/24/2019 18:02,2.653564,0.6011124,5.999626,471.2547,18.99384,47.66855,27.0127,779,13.84712,-89.63011,12.62457,11.0347,0.4489124,-1.118074,,,
10/24/2019 18:02,2.651745,0.6061621,5.927429,471.2547,19.09061,47.58558,27.01364,779,13.84713,-89.63013,12.62457,11.0347,0.4539621,-1.190271,,,
10/24/2019 18:02,2.65057,0.6144524,6.024486,469.1073,19.05336,47.51228,27.01552,779,13.84713,-89.63014,12.62457,8.8873,0.4622524,-1.093214,,,
10/24/2019 18:02,2.650558,0.6198816,5.73566,468.4938,19.02639,47.45236,27.01593,779,13.84713,-89.63015,12.46872,8.2738,0.4676816,-1.38204,,,
10/24/2019 18:02,2.654961,0.6158094,5.719612,466.6532,18.98987,47.40703,27.01511,779,13.84713,-89.63016,12.46872,6.4332,0.4636094,-1.398088,,,
10/24/2019 18:02,2.659939,0.6157522,5.727848,466.6532,19.04716,47.40272,27.01868,779,13.84713,-89.63018,12.46872,6.4332,0.4635522,-1.389852,,,
10/24/2019 18:02,2.677143,0.5976458,5.645813,469.1073,19.11177,47.43053,27.01855,779,13.84714,-89.63018,12.46872,8.8873,0.4454458,-1.471887,,,
10/24/2019 18:02,2.703159,0.5854893,5.63353,472.175,19.12504,47.4783,27.02019,779,13.84715,-89.63018,12.46872,11.955,0.4332893,-1.48417,,,
10/24/2019 18:02,2.73513,0.586606,5.782062,470.0276,19.2093,47.55838,27.02067,779,13.84715,-89.63019,12.46872,9.8076,0.434406,-1.335638,,,
10/24/2019 18:02,2.784607,0.5887642,6.038856,465.1193,19.08899,47.63714,27.02277,778.9,13.84716,-89.6302,12.46872,4.8993,0.4365642,-1.078844,,,
10/24/2019 18:02,2.823547,0.5927734,5.832321,469.7208,19.1756,47.7273,27.02293,778.9,13.84717,-89.63022,12.46872,9.5008,0.4405734,-1.285379,,,
10/24/2019 18:02,2.865597,0.5957537,5.752152,471.2547,19.25294,47.80518,27.02361,778.9,13.84717,-89.63022,12.61485,11.0347,0.4435537,-1.365548,,,
10/24/2019 18:02,2.929283,0.6020756,5.893555,469.7208,19.36168,47.86496,27.02458,778.9,13.84717,-89.63023,12.61485,9.5008,0.4498756,-1.224145,,,
10/24/2019 18:03,2.989979,0.6065369,6.000012,470.0276,19.36939,47.91672,27.02684,778.9,13.84717,-89.63025,12.61485,9.8076,0.4543369,-1.117688,,,
10/24/2019 18:03,3.039417,0.6243238,5.988445,471.8682,18.91308,47.96278,27.02733,778.9,13.84718,-89.63026,12.61485,11.6482,0.4721238,-1.129255,,,
10/24/2019 18:03,3.064056,0.6428022,5.750309,471.2547,19.16394,47.99621,27.02898,778.9,13.84718,-89.63026,12.61485,11.0347,0.4906022,-1.367391,,,
10/24/2019 18:03,3.074966,0.6569452,5.706726,474.6292,19.20185,48.04472,27.02911,778.9,13.84719,-89.63027,12.61485,14.4092,0.5047452,-1.410974,,,
10/24/2019 18:03,3.078953,0.6704321,5.684482,472.4818,19.55449,48.08287,27.03123,778.9,13.84719,-89.63028,12.61485,12.2618,0.5182321,-1.433218,,,
10/24/2019 18:03,3.072754,0.6700688,5.735027,472.4818,19.59445,48.13527,27.03223,778.9,13.8472,-89.6303,12.61485,12.2618,0.5178688,-1.382673,,,
10/24/2019 18:03,3.075924,0.6824178,5.425324,470.0276,19.59104,48.18124,27.03262,778.9,13.8472,-89.6303,12.35184,9.8076,0.5302178,-1.692376,,,
10/24/2019 18:03,3.069843,0.6868934,5.403916,463.5855,19.74178,48.22987,27.03386,778.9,13.8472,-89.63032,12.35184,3.3655,0.5346934,-1.713784,,,
10/24/2019 18:03,3.059147,0.675373,5.454285,462.9719,19.62123,48.26832,27.0359,778.9,13.8472,-89.63033,12.35184,2.7519,0.523173,-1.663415,,,
10/24/2019 18:03,3.050247,0.6669416,5.363316,465.7328,19.51957,48.2925,27.0368,779,13.8472,-89.63034,12.35184,5.5128,0.5147416,-1.754384,,,
10/24/2019 18:03,3.038361,0.6763058,5.35487,466.3464,19.39277,48.31356,27.03775,779,13.8472,-89.63035,12.35184,6.1264,0.5241058,-1.76283,,,
10/24/2019 18:03,3.016644,0.6784334,5.398686,464.199,19.30913,48.31638,27.03889,779,13.84719,-89.63037,12.35184,3.979,0.5262334,-1.719014,,,
10/24/2019 18:03,2.98851,0.6769085,5.312607,459.2907,19.36357,48.30369,27.03922,779,13.84719,-89.63038,12.35184,-0.9293,0.5247085,-1.805093,,,
10/24/2019 18:03,2.94796,0.6822682,5.243042,457.7568,19.50145,48.29694,27.04101,779,13.84719,-89.63039,12.35184,-2.4632,0.5300682,-1.874658,,,
10/24/2019 18:03,2.892849,0.6883021,5.332108,458.0636,19.45354,48.25426,27.04232,779,13.8472,-89.63041,12.58563,-2.1564,0.5361021,-1.785592,,,
10/24/2019 18:03,2.836716,0.6923275,5.351696,461.438,19.48758,48.20695,27.04286,779,13.8472,-89.63042,12.58563,1.218,0.5401275,-1.766004,,,
10/24/2019 18:03,2.77549,0.6824064,5.351513,462.3584,19.41376,48.13671,27.04357,779,13.84721,-89.63043,12.58563,2.1384,0.5302064,-1.766187,,,
10/24/2019 18:03,2.71788,0.6673193,5.265961,465.426,19.40488,48.06843,27.04542,779,13.84721,-89.63044,12.58563,5.206,0.5151193,-1.851739,,,
10/24/2019 18:03,2.660625,0.6596365,5.301842,459.9042,19.20685,47.99514,27.04594,779,13.84721,-89.63046,12.58563,-0.3158,0.5074365,-1.815858,,,
10/24/2019 18:03,2.609058,0.6425781,5.194393,462.3584,19.25132,47.94046,27.04721,779,13.84722,-89.63047,12.58563,2.1384,0.4903781,-1.923307,,,
10/24/2019 18:03,2.560211,0.6376581,5.494102,456.5297,19.10016,47.8867,27.0479,779,13.84722,-89.63048,12.58563,-3.6903,0.4854581,-1.623598,,,
10/24/2019 18:03,2.526066,0.6346989,5.235626,458.0636,19.09954,47.8642,27.04914,779,13.84723,-89.6305,12.58563,-2.1564,0.4824989,-1.882074,,,
10/24/2019 18:03,2.493847,0.6292715,5.196518,457.4501,19.04707,47.8522,27.05126,779,13.84723,-89.6305,12.35184,-2.7699,0.4770715,-1.921182,,,
10/24/2019 18:03,2.459194,0.6224594,5.229466,454.9959,19.0876,47.84121,27.05201,779,13.84724,-89.63051,12.35184,-5.2241,0.4702594,-1.888234,,,
10/24/2019 18:03,2.438568,0.6001348,5.273934,456.5297,19.2355,47.8396,27.05207,779,13.84724,-89.63052,12.35184,-3.6903,0.4479348,-1.843766,,,
10/24/2019 18:03,2.407627,0.6072826,5.20396,456.223,19.13105,47.83752,27.05322,779,13.84725,-89.63053,12.35184,-3.997,0.4550826,-1.91374,,,
10/24/2019 18:03,2.375572,0.5966644,5.247002,452.8486,19.22804,47.83341,27.05502,779,13.84726,-89.63054,12.35184,-7.3714,0.4444644,-1.870698,,,
10/24/2019 18:03,2.343712,0.5873594,5.287151,458.6771,19.14429,47.83094,27.05601,779,13.84726,-89.63055,12.35184,-1.5429,0.4351594,-1.830549,,,
10/24/2019 18:03,2.305946,0.5925646,5.422718,455.9162,19.16011,47.83148,27.0566,779,13.84727,-89.63057,12.35184,-4.3038,0.4403646,-1.694982,,,
10/24/2019 18:03,2.268078,0.5865316,5.641613,455.3027,19.16171,47.8431,27.0584,779,13.84728,-89.63058,12.35184,-4.9173,0.4343316,-1.476087,,,
10/24/2019 18:03,2.227795,0.5874128,5.585472,455.9162,19.10713,47.8235,27.06055,778.9,13.84728,-89.63059,12.61486,-4.3038,0.4352128,-1.532228,,,
10/24/2019 18:03,2.189064,0.5824928,5.461571,456.223,19.08669,47.80138,27.06113,778.9,13.84729,-89.6306,12.61486,-3.997,0.4302928,-1.656129,,,
10/24/2019 18:03,2.151871,0.5713616,5.361347,459.2907,18.97338,47.77787,27.06127,778.9,13.8473,-89.63061,12.61486,-0.9293,0.4191616,-1.756353,,,
10/24/2019 18:03,2.111607,0.564497,5.579552,460.5178,18.94518,47.73142,27.06165,778.9,13.8473,-89.63062,12.61486,0.2978,0.412297,-1.538148,,,
10/24/2019 18:03,2.073856,0.5501394,5.29665,459.9042,18.91885,47.67086,27.06422,778.9,13.84731,-89.63063,12.61486,-0.3158,0.3979394,-1.82105,,,
10/24/2019 18:03,2.029327,0.5497713,5.430012,461.7448,18.93655,47.59488,27.06512,778.9,13.84732,-89.63064,12.61486,1.5248,0.3975713,-1.687688,,,
10/24/2019 18:03,1.992126,0.5474186,5.64703,462.0516,18.90805,47.50951,27.06628,778.9,13.84733,-89.63064,12.61486,1.8316,0.3952186,-1.47067,,,
10/24/2019 18:03,1.956089,0.5461226,5.612362,461.7448,18.78907,47.39591,27.06632,778.9,13.84734,-89.63066,12.61486,1.5248,0.3939226,-1.505338,,,
10/24/2019 18:03,1.923428,0.5429411,5.615051,457.4501,18.86915,47.28888,27.06762,778.9,13.84735,-89.63066,12.37376,-2.7699,0.3907411,-1.502649,,,
10/24/2019 18:03,1.898911,0.5419083,5.435745,460.5178,18.72284,47.18114,27.06935,778.9,13.84735,-89.63067,12.37376,0.2978,0.3897083,-1.681955,,,
10/24/2019 18:03,1.877865,0.5205507,5.376877,460.211,18.59435,47.08192,27.06989,778.8,13.84736,-89.63068,12.37376,-0.009,0.3683507,-1.740823,,,
10/24/2019 18:03,1.861069,0.5152502,5.409275,460.5178,18.70338,46.98823,27.07118,778.8,13.84737,-89.63069,12.37376,0.2978,0.3630502,-1.708425,,,
10/24/2019 18:03,1.844807,0.5214481,5.333202,460.211,18.7111,46.90758,27.07185,778.8,13.84738,-89.6307,12.37376,-0.009,0.3692481,-1.784498,,,
10/24/2019 18:03,1.834782,0.517911,5.279179,459.9042,18.84574,46.81817,27.07368,778.8,13.84739,-89.6307,12.37376,-0.3158,0.365711,-1.838521,,,
10/24/2019 18:03,1.820869,0.5161038,5.119759,457.7568,18.85465,46.75065,27.07488,778.8,13.84739,-89.63071,12.37376,-2.4632,0.3639038,-1.997941,,,
10/24/2019 18:03,1.818035,0.4986782,5.251259,461.438,18.77929,46.68466,27.07497,778.7,13.8474,-89.63072,12.37376,1.218,0.3464782,-1.866441,,,
10/24/2019 18:03,1.807014,0.4805527,5.202934,459.2907,18.76137,46.61968,27.07589,778.7,13.84741,-89.63073,12.60207,-0.9293,0.3283527,-1.914766,,,
10/24/2019 18:03,1.804073,0.4794874,5.211762,460.5178,18.66849,46.5638,27.07749,778.7,13.84742,-89.63074,12.60207,0.2978,0.3272874,-1.905938,,,
10/24/2019 18:03,1.797787,0.490572,5.457222,463.8922,18.63832,46.52725,27.07858,778.7,13.84743,-89.63074,12.60207,3.6722,0.338372,-1.660478,,,
10/24/2019 18:03,1.798309,0.4778023,5.44611,459.9042,18.67004,46.49608,27.07955,778.7,13.84743,-89.63076,12.60207,-0.3158,0.3256023,-1.67159,,,
10/24/2019 18:03,1.792049,0.4697037,5.224564,461.1313,18.65165,46.48402,27.08026,778.7,13.84744,-89.63077,12.60207,0.9113,0.3175037,-1.893136,,,
10/24/2019 18:03,1.795258,0.4705562,5.311199,459.5974,18.65617,46.47706,27.08236,778.7,13.84744,-89.63078,12.60207,-0.6226,0.3183562,-1.806501,,,
10/24/2019 18:03,1.792439,0.469883,5.549221,458.6771,18.65178,46.48802,27.08343,778.7,13.84745,-89.63079,12.60207,-1.5429,0.317683,-1.568479,,,
10/24/2019 18:03,1.79808,0.4749184,5.496063,462.6651,18.71351,46.50841,27.08463,778.7,13.84745,-89.6308,12.60207,2.4451,0.3227184,-1.621637,,,
10/24/2019 18:03,1.799545,0.4817572,5.457367,465.1193,18.67579,46.54992,27.08483,778.7,13.84745,-89.63082,12.5176,4.8993,0.3295572,-1.660333,,,
10/24/2019 18:03,1.794891,0.5018263,5.516403,464.8125,18.78641,46.5951,27.08657,778.7,13.84746,-89.63083,12.5176,4.5925,0.3496263,-1.601297,,,
10/24/2019 18:03,1.800346,0.4897337,5.630794,465.426,18.67262,46.65518,27.08804,778.7,13.84746,-89.63084,12.5176,5.206,0.3375337,-1.486906,,,
10/24/2019 18:03,1.801815,0.4747486,5.669781,460.211,18.6103,46.70708,27.08927,778.7,13.84747,-89.63085,12.5176,-0.009,0.3225486,-1.447919,,,
10/24/2019 18:03,1.803181,0.4767284,5.599201,461.1313,18.56723,46.75752,27.08993,778.7,13.84747,-89.63086,12.5176,0.9113,0.3245284,-1.518499,,,
10/24/2019 18:03,1.811317,0.459918,5.510498,464.5057,18.77001,46.80991,27.09072,778.7,13.84747,-89.63086,12.5176,4.2857,0.307718,-1.607202,,,
10/24/2019 18:04,1.813751,0.4617109,5.397678,460.8246,18.64344,46.86022,27.09299,778.7,13.84748,-89.63087,12.5176,0.6046,0.3095109,-1.720022,,,
10/24/2019 18:04,1.820179,0.4787941,5.525482,459.5974,18.30291,46.89854,27.0945,778.7,13.84749,-89.63088,12.5176,-0.6226,0.3265941,-1.592218,,,
10/24/2019 18:04,1.81229,0.4700241,5.387238,459.9042,18.73082,46.94372,27.09531,778.7,13.84749,-89.63089,12.34466,-0.3158,0.3178241,-1.730462,,,
10/24/2019 18:04,1.807301,0.4805269,5.466553,459.9042,18.93827,46.96658,27.09571,778.7,13.8475,-89.6309,12.34466,-0.3158,0.3283269,-1.651147,,,
10/24/2019 18:04,1.800434,0.4819527,5.52021,460.211,19.1361,46.97942,27.09772,778.7,13.84751,-89.6309,12.34466,-0.009,0.3297527,-1.59749,,,
10/24/2019 18:04,1.794334,0.4762964,5.524612,461.1313,19.26005,46.95378,27.09875,778.7,13.84751,-89.63092,12.34466,0.9113,0.3240964,-1.593088,,,
10/24/2019 18:04,1.789524,0.4811812,5.575325,462.6651,19.23287,46.93152,27.09989,778.7,13.84752,-89.63093,12.34466,2.4451,0.3289812,-1.542375,,,
10/24/2019 18:04,1.794304,0.5032425,5.644577,458.3704,19.22592,46.90594,27.1012,778.7,13.84752,-89.63094,12.34466,-1.8496,0.3510425,-1.473123,,,
10/24/2019 18:04,1.791153,0.4874678,5.785256,465.1193,19.04348,46.87422,27.10261,778.7,13.84753,-89.63095,12.34466,4.8993,0.3352678,-1.332444,,,
10/24/2019 18:04,1.789921,0.4753656,5.641232,463.2787,19.10331,46.82262,27.10283,778.7,13.84753,-89.63096,12.34466,3.0587,0.3231656,-1.476468,,,
10/24/2019 18:04,1.793053,0.476368,5.542648,456.5297,18.98477,46.77724,27.10461,778.7,13.84754,-89.63097,12.61921,-3.6903,0.324168,-1.575052,,,
10/24/2019 18:04,1.792286,0.4675474,5.579586,455.9162,18.91145,46.7072,27.10609,778.7,13.84754,-89.63098,12.61921,-4.3038,0.3153474,-1.538114,,,
10/24/2019 18:04,1.788544,0.4763937,5.443912,459.2907,18.89572,46.63981,27.10605,778.7,13.84755,-89.63098,12.61921,-0.9293,0.3241937,-1.673788,,,
10/24/2019 18:04,1.789131,0.4913254,5.426365,460.5178,18.82306,46.56577,27.10841,778.7,13.84756,-89.63099,12.61921,0.2978,0.3391254,-1.691335,,,
10/24/2019 18:04,1.788109,0.4854727,5.496284,461.1313,18.83864,46.4895,27.10962,778.6,13.84756,-89.63101,12.61921,0.9113,0.3332727,-1.621416,,,
10/24/2019 18:04,1.787289,0.4709968,5.283386,458.6771,18.9077,46.43037,27.11012,778.6,13.84757,-89.63101,12.61921,-1.5429,0.3187968,-1.834314,,,
10/24/2019 18:04,1.786911,0.4730377,5.429936,458.6771,18.99065,46.39176,27.11113,778.6,13.84758,-89.63102,12.61921,-1.5429,0.3208377,-1.687764,,,
10/24/2019 18:04,1.782742,0.4606295,5.398735,453.7688,18.96162,46.39087,27.1132,778.6,13.84758,-89.63103,12.61921,-6.4512,0.3084295,-1.718965,,,
10/24/2019 18:04,1.77787,0.4783211,5.526016,450.7011,19.03208,46.40192,27.11405,778.6,13.84759,-89.63104,12.3478,-9.5189,0.3261211,-1.591684,,,
10/24/2019 18:04,1.777611,0.488594,5.176174,451.0079,18.92107,46.45312,27.11562,778.6,13.84759,-89.63106,12.3478,-9.2121,0.336394,-1.941526,,,
10/24/2019 18:04,1.774136,0.4963875,5.360226,457.7568,18.95127,46.5169,27.11665,778.6,13.8476,-89.63106,12.3478,-2.4632,0.3441875,-1.757474,,,
10/24/2019 18:04,1.765274,0.4905863,5.501785,456.8365,18.89776,46.58007,27.11785,778.6,13.8476,-89.63108,12.3478,-3.3835,0.3383863,-1.615915,,,
10/24/2019 18:04,1.758659,0.4898958,5.546051,458.6771,18.87005,46.65626,27.11926,778.6,13.84761,-89.63109,12.3478,-1.5429,0.3376958,-1.571649,,,
10/24/2019 18:04,1.750893,0.4979639,5.18454,461.438,18.98188,46.71344,27.1201,778.6,13.84762,-89.6311,12.3478,1.218,0.3457639,-1.93316,,,
10/24/2019 18:04,1.744183,0.4890966,5.441059,464.199,18.9468,46.76547,27.12148,778.6,13.84762,-89.63111,12.3478,3.979,0.3368966,-1.676641,,,
10/24/2019 18:04,1.740192,0.4875412,5.370976,462.0516,19.04617,46.8307,27.12296,778.6,13.84763,-89.63113,12.3478,1.8316,0.3353412,-1.746724,,,
10/24/2019 18:04,1.728588,0.48806,5.451374,461.438,19.09126,46.89416,27.12387,778.6,13.84763,-89.63114,12.62157,1.218,0.33586,-1.666326,,,
10/24/2019 18:04,1.725025,0.4778872,4.993542,458.0636,18.96152,46.96735,27.12514,778.6,13.84763,-89.63115,12.62157,-2.1564,0.3256872,-2.124158,,,
10/24/2019 18:04,1.717686,0.4661074,4.657127,454.3824,18.87103,47.04776,27.12543,778.6,13.84764,-89.63117,12.62157,-5.8376,0.3139074,-2.460573,,,
10/24/2019 18:04,1.715885,0.4666872,4.621353,454.9959,18.83423,47.10435,27.12704,778.6,13.84764,-89.63118,12.62157,-5.2241,0.3144872,-2.496347,,,
10/24/2019 18:04,1.712997,0.4749727,4.848915,454.9959,18.86411,47.17544,27.12947,778.6,13.84765,-89.63118,12.62157,-5.2241,0.3227727,-2.268785,,,
10/24/2019 18:04,1.705673,0.4617319,5.349171,454.0756,18.81999,47.22677,27.13049,778.6,13.84765,-89.63119,12.62157,-6.1444,0.3095319,-1.768529,,,
10/24/2019 18:04,1.702896,0.4896431,5.529133,455.6095,18.8906,47.26458,27.13134,778.6,13.84766,-89.6312,12.62157,-4.6105,0.3374431,-1.588567,,,
10/24/2019 18:04,1.693714,0.4691658,5.395023,457.4501,18.75778,47.30544,27.1321,778.6,13.84767,-89.63121,12.62157,-2.7699,0.3169658,-1.722677,,,
10/24/2019 18:04,1.690311,0.4613285,5.381782,458.6771,18.80493,47.3197,27.13465,778.6,13.84767,-89.63122,12.35932,-1.5429,0.3091285,-1.735918,,,
10/24/2019 18:04,1.682583,0.4541016,5.318573,459.9042,18.80517,47.34136,27.13563,778.6,13.84768,-89.63123,12.35932,-0.3158,0.3019016,-1.799127,,,
10/24/2019 18:04,1.674995,0.4579239,5.385628,465.426,18.89682,47.36578,27.13701,778.6,13.84768,-89.63125,12.35932,5.206,0.3057239,-1.732072,,,
10/24/2019 18:04,1.670528,0.4655094,5.442692,469.1073,18.76714,47.39986,27.13765,778.6,13.84768,-89.63126,12.35932,8.8873,0.3133094,-1.675008,,,
10/24/2019 18:04,1.662609,0.4766531,5.215523,470.0276,18.75875,47.44789,27.13931,778.6,13.84769,-89.63127,12.35932,9.8076,0.3244531,-1.902177,,,
10/24/2019 18:04,1.652409,0.4704122,5.184612,476.4698,18.69754,47.49539,27.14041,778.6,13.84769,-89.63129,12.35932,16.2498,0.3182122,-1.933088,,,
10/24/2019 18:04,1.640293,0.4678936,5.316601,478.6171,18.65948,47.56106,27.14184,778.6,13.84769,-89.6313,12.35932,18.3971,0.3156936,-1.801099,,,
10/24/2019 18:04,1.641163,0.4700241,5.272408,489.0473,18.75861,47.6355,27.14255,778.6,13.8477,-89.6313,12.35932,28.8273,0.3178241,-1.845292,,,
10/24/2019 18:04,1.626152,0.4721212,5.526516,494.2624,18.77679,47.7262,27.14442,778.6,13.8477,-89.63132,12.63264,34.0424,0.3199212,-1.591184,,,
10/24/2019 18:04,1.620369,0.4890776,5.191959,497.9437,18.67286,47.82912,27.14598,778.6,13.84771,-89.63133,12.63264,37.7237,0.3368776,-1.925741,,,
10/24/2019 18:04,1.610241,0.4849806,5.181061,508.067,18.48298,47.91293,27.14675,778.6,13.84771,-89.63134,12.63264,47.847,0.3327806,-1.936639,,,
10/24/2019 18:04,1.605129,0.4667015,5.228329,523.4055,18.46589,48.01502,27.14816,778.6,13.84772,-89.63134,12.63264,63.1855,0.3145015,-1.889371,,,
10/24/2019 18:04,1.59409,0.4623566,5.169151,531.6882,18.513,48.1184,27.14916,778.6,13.84773,-89.63135,12.63264,71.4682,0.3101566,-1.948549,,,
10/24/2019 18:04,1.585865,0.4664144,5.025089,525.8597,18.47332,48.21527,27.15131,778.6,13.84773,-89.63136,12.63264,65.6397,0.3142144,-2.092611,,,
10/24/2019 18:04,1.582745,0.4853592,5.029854,526.4732,18.48977,48.30217,27.15341,778.6,13.84774,-89.63137,12.63264,66.2532,0.3331592,-2.087846,,,
10/24/2019 18:04,1.574638,0.4765415,5.114696,528.6206,18.54575,48.38283,27.15337,778.6,13.84774,-89.63138,12.63264,68.4006,0.3243415,-2.003004,,,
10/24/2019 18:04,1.565266,0.4786596,5.216682,531.995,18.48175,48.4484,27.1553,778.6,13.84775,-89.63139,12.58735,71.775,0.3264596,-1.901018,,,
10/24/2019 18:04,1.558441,0.4690771,5.056389,526.78,18.38168,48.49777,27.15665,778.6,13.84775,-89.63141,12.58735,66.56,0.3168771,-2.061311,,,
10/24/2019 18:04,1.552635,0.4618444,4.81855,521.5649,18.36179,48.53448,27.15894,778.7,13.84776,-89.63142,12.58735,61.3449,0.3096444,-2.29915,,,
10/24/2019 18:04,1.543434,0.4689608,4.856262,517.2702,18.52812,48.57138,27.15977,778.7,13.84776,-89.63142,12.58735,57.0502,0.3167608,-2.261438,,,
10/24/2019 18:04,1.539936,0.4655447,5.195385,510.828,18.60936,48.58542,27.16019,778.7,13.84777,-89.63143,12.58735,50.608,0.3133447,-1.922315,,,
10/24/2019 18:04,1.53402,0.4530773,5.299629,506.5332,18.57895,48.61104,27.16293,778.7,13.84777,-89.63145,12.58735,46.3132,0.3008773,-1.818071,,,
10/24/2019 18:04,1.533585,0.4636316,5.474785,503.4655,18.59588,48.6331,27.1633,778.7,13.84777,-89.63146,12.58735,43.2455,0.3114316,-1.642915,,,
10/24/2019 18:04,1.532646,0.4787702,5.481632,498.2504,18.61765,48.65782,27.16486,778.7,13.84778,-89.63147,12.58735,38.0304,0.3265702,-1.636068,,,
10/24/2019 18:04,1.529106,0.4697714,5.552307,499.1707,18.57325,48.69494,27.16686,778.7,13.84778,-89.63148,12.7046,38.9507,0.3175714,-1.565393,,,
10/24/2019 18:04,1.526577,0.4549542,5.150456,503.4655,18.48162,48.73235,27.16762,778.7,13.84779,-89.63149,12.7046,43.2455,0.3027542,-1.967244,,,
10/24/2019 18:05,1.527309,0.4557495,4.853356,505.3061,18.49768,48.77177,27.16843,778.7,13.84779,-89.6315,12.7046,45.0861,0.3035495,-2.264344,,,
10/24/2019 18:05,1.519276,0.4673843,4.728542,503.1587,18.13901,48.84154,27.17018,778.7,13.8478,-89.6315,12.7046,42.9387,0.3151843,-2.389158,,,
10/24/2019 18:05,1.520294,0.4732656,4.736866,499.4775,18.40064,48.88617,27.17191,778.7,13.84781,-89.63151,12.7046,39.2575,0.3210656,-2.380834,,,
10/24/2019 18:05,1.52245,0.48244,4.747135,494.8759,18.71611,48.93892,27.17306,778.7,13.84781,-89.63153,12.7046,34.6559,0.33024,-2.370565,,,
10/24/2019 18:05,1.518807,0.4687061,4.79742,489.6609,18.85992,48.97763,27.17496,778.7,13.84782,-89.63154,12.7046,29.4409,0.3165061,-2.32028,,,
10/24/2019 18:05,1.514561,0.4543982,4.768684,484.7526,18.97603,49.01316,27.17645,778.7,13.84782,-89.63155,12.7046,24.5326,0.3021982,-2.349016,,,
10/24/2019 18:05,1.510387,0.4558449,4.777729,482.6052,18.89817,49.03798,27.1773,778.7,13.84782,-89.63156,12.66586,22.3852,0.3036449,-2.339971,,,
10/24/2019 18:05,1.509235,0.4594574,4.973961,482.2984,18.89607,49.05293,27.17854,778.7,13.84783,-89.63156,12.66586,22.0784,0.3072574,-2.143739,,,
10/24/2019 18:05,1.509403,0.4574375,5.115257,481.6849,18.91151,49.07174,27.18005,778.7,13.84783,-89.63157,12.66586,21.4649,0.3052375,-2.002443,,,
10/24/2019 18:05,1.508858,0.466157,5.17622,479.5375,19.07099,49.06713,27.1813,778.7,13.84784,-89.63157,12.66586,19.3175,0.313957,-1.94148,,,
10/24/2019 18:05,1.503338,0.4724913,5.325684,477.3901,19.10497,49.07885,27.1828,778.8,13.84784,-89.63157,12.66586,17.1701,0.3202913,-1.792016,,,
10/24/2019 18:05,1.492828,0.4723606,5.240994,471.2547,18.98539,49.088,27.18387,778.7,13.84783,-89.63157,12.66586,11.0347,0.3201606,-1.876706,,,
10/24/2019 18:05,1.492512,0.4806108,5.505329,464.8125,18.95645,49.09,27.1853,778.7,13.84783,-89.63158,12.66586,4.5925,0.3284108,-1.612371,,,
10/24/2019 18:05,1.485741,0.473836,5.582992,462.3584,18.92205,49.10708,27.18749,778.7,13.84783,-89.63158,12.66586,2.1384,0.321636,-1.534708,,,
10/24/2019 18:05,1.483063,0.4696016,5.628048,459.5974,18.89481,49.11868,27.18841,778.7,13.84783,-89.63158,12.47117,-0.6226,0.3174016,-1.489652,,,
10/24/2019 18:05,1.482521,0.4779244,5.729233,461.7448,18.75504,49.14686,27.18937,778.6,13.84783,-89.63158,12.47117,1.5248,0.3257244,-1.388467,,,
10/24/2019 18:05,1.470738,0.4741144,5.687557,458.3704,18.87754,49.1831,27.19051,778.7,13.84782,-89.63158,12.47117,-1.8496,0.3219144,-1.430143,,,
10/24/2019 18:05,1.468899,0.4625111,5.731666,458.6771,18.888,49.21296,27.19263,778.7,13.84782,-89.63159,12.47117,-1.5429,0.3103111,-1.386034,,,
10/24/2019 18:05,1.46423,0.4538994,6.008114,456.5297,18.8864,49.24776,27.19389,778.7,13.84782,-89.63159,12.47117,-3.6903,0.3016994,-1.109586,,,
10/24/2019 18:05,1.460682,0.454525,6.056023,452.5418,18.82206,49.30395,27.19451,778.7,13.84782,-89.63159,12.47117,-7.6782,0.302325,-1.061677,,,
10/24/2019 18:05,1.455147,0.4514646,6.375027,452.235,18.77731,49.36458,27.19568,778.7,13.84781,-89.63159,12.47117,-7.985,0.2992646,-0.742673,,,
10/24/2019 18:05,1.456505,0.4432096,6.54287,452.235,18.85716,49.44604,27.19804,778.7,13.84781,-89.63159,12.47117,-7.985,0.2910096,-0.57483,,,
10/24/2019 18:05,1.45393,0.4559326,6.682457,452.8486,18.69749,49.5343,27.19966,778.6,13.84781,-89.63159,12.63695,-7.3714,0.3037326,-0.435243,,,
10/24/2019 18:05,1.448467,0.4605208,6.533897,455.3027,18.77568,49.62694,27.20056,778.7,13.84782,-89.63159,12.63695,-4.9173,0.3083208,-0.583803,,,
10/24/2019 18:05,1.459511,0.4689684,6.489029,455.6095,18.62244,49.7057,27.20136,778.7,13.84782,-89.63159,12.63695,-4.6105,0.3167684,-0.628671,,,
10/24/2019 18:05,1.467213,0.4729881,6.467159,451.9282,18.56307,49.78792,27.20328,778.7,13.84782,-89.63159,12.63695,-8.2918,0.3207881,-0.650541,,,
10/24/2019 18:05,1.471794,0.4787655,6.530323,452.8486,18.57305,49.84145,27.20535,778.7,13.84782,-89.63159,12.63695,-7.3714,0.3265655,-0.587377,,,
10/24/2019 18:05,1.488957,0.4639845,6.359756,453.1553,18.47361,49.87891,27.20577,778.7,13.84782,-89.63159,12.63695,-7.0647,0.3117845,-0.757944,,,
